# Ce que Tao dit en cuisine (story 4b.6) : elle lit la recette, puis goûte.
#
# Source : rédigé pour l'app, sans API ; à relire. Tao ne culpabilise jamais
# (brief §9) : quand un ingrédient a été pris pour un autre, elle grimace et
# propose d'en refaire un, sans reproche ; elle ne tombe jamais malade. Les
# phrases s'écrivent avec les caractères que les parcours posent (`wenlu check`).
#
# Format : TSV, `#` en commentaire, six colonnes séparées par une tabulation :
# `cle`, `zh`, `pinyin`, `fr`, `en`, `source`. Trois clés, toutes exigées :
# `lit` (elle lit la recette), `bon` (le plat est juste), `grimace` (un ingrédient
# a été pris pour un autre).
cle	zh	pinyin	fr	en	source
lit	我来看看！	Wǒ lái kànkan!	Voyons voir !	Let me see!	rédigé pour l'app
bon	好吃！	Hǎochī!	C'est bon !	Delicious!	rédigé pour l'app
grimace	不太好吃，再来一个吧！	Bù tài hǎochī, zài lái yī gè ba!	Pas tout à fait ça… on en refait un ?	Not quite right… shall we make another?	rédigé pour l'app
