# La glose partagée des séries d'examen (`examens.py`), rédigée pour l'app, sans API.
# Par caractère ou par mot ; le lecteur découpe chaque texte par l'entrée la plus longue.
# Pinyin : une syllabe par caractère, tons du dictionnaire, ton neutre sans marque.
# Un support peut préciser une entrée pour lui seul (clé `glose` de son fichier) : les
# noms de lieu, les prix d'un étal ou d'un billet.
zh	pinyin	fr	en
人	rén	personne	person
大	dà	grand	big
天	tiān	ciel ; jour	sky; day
月	yuè	lune ; mois	moon; month
日	rì	soleil ; jour (du mois)	sun; day (of the month)
明	míng	clair	bright
一	yī	un	one
二	èr	deux	two
六	liù	six	six
八	bā	huit	eight
九	jiǔ	neuf	nine
十	shí	dix	ten
十二	shí èr	douze	twelve
是	shì	être	to be
有	yǒu	avoir, il y a	to have, there is
早	zǎo	tôt	early
口	kǒu	bouche	mouth
门	mén	porte	door
问	wèn	demander	to ask
只	zhǐ	seulement	only
女	nǚ	femme ; fille	woman; daughter
子	zǐ	fils ; enfant	son; child
儿	ér	fils	son
好	hǎo	bien, bon ; d'accord	good; OK
学	xué	étudier	to study
见	jiàn	voir ; rendez-vous	to see; see you
王	wáng	Wang (nom de famille)	Wang (surname)
马	mǎ	cheval ; Ma (nom de famille)	horse; Ma (surname)
也	yě	aussi	also
她	tā	elle	she
山	shān	montagne	mountain
高	gāo	haut ; hauteur	tall, high; height
玩	wán	jouer, s'amuser	to play, to have fun
姓	xìng	avoir pour nom de famille	to be surnamed
每	měi	chaque	every
古	gǔ	ancien	ancient
几	jǐ	combien	how many
米	mǐ	riz ; mètre	rice; metre
元	yuán	yuan (monnaie)	yuan (currency)
吗	ma	(question)	(question particle)
拿	ná	tenir, prendre	to hold, to take
去	qù	aller	to go
不	bù	ne… pas	not
页	yè	page	page
朋友	péng you	ami	friend
明天	míng tiān	demain	tomorrow
今天	jīn tiān	aujourd'hui	today
天天	tiān tiān	chaque jour	every day
一天	yī tiān	un jour ; par jour	one day; a day
白天	bái tiān	la journée	daytime
一早	yī zǎo	à la première heure	first thing in the morning
门口	mén kǒu	devant la porte	doorway
生日	shēng rì	anniversaire	birthday
问好	wèn hǎo	passer le bonjour	to say hello
王先生	wáng xiān sheng	M. Wang	Mr Wang
马先生	mǎ xiān sheng	M. Ma	Mr Ma
大明	dà míng	Daming (prénom)	Daming (first name)
明明	míng míng	Mingming (prénom)	Mingming (first name)
小明	xiǎo míng	Xiaoming (prénom)	Xiaoming (first name)
小白	xiǎo bái	Xiaobai (prénom)	Xiaobai (first name)
小王	xiǎo wáng	Xiao Wang, le jeune Wang	Xiao Wang, young Wang
女儿	nǚ ér	fille	daughter
儿子	ér zi	fils	son
妈妈	mā ma	maman	mum
学生	xué sheng	élève, étudiant	pupil, student
大学	dà xué	université	university
大学生	dà xué sheng	étudiant	university student
小学	xiǎo xué	école primaire	primary school
小学生	xiǎo xué sheng	écolier	primary-school pupil
中学	zhōng xué	collège-lycée	secondary school
中学生	zhōng xué sheng	collégien, lycéen	secondary-school pupil
中文	zhōng wén	chinois (la langue)	Chinese (language)
工人	gōng rén	ouvrier	worker
星期一	xīng qī yī	lundi	Monday
星期二	xīng qī èr	mardi	Tuesday
星期六	xīng qī liù	samedi	Saturday
星期天	xīng qī tiān	dimanche	Sunday
星期几	xīng qī jǐ	quel jour de la semaine	which day of the week
一月	yī yuè	janvier	January
六月	liù yuè	juin	June
八月	bā yuè	août	August
九月	jiǔ yuè	septembre	September
十月	shí yuè	octobre	October
十二月	shí èr yuè	décembre	December
明月	míng yuè	lune claire	bright moon
古玩	gǔ wán	antiquités	antiques
火山口	huǒ shān kǒu	cratère	crater
火车	huǒ chē	train	train
马车	mǎ chē	calèche	horse carriage
小马	xiǎo mǎ	poney	pony
大米	dà mǐ	riz	rice
小米	xiǎo mǐ	millet	millet
白米	bái mǐ	riz blanc	white rice
左手	zuǒ shǒu	main gauche	left hand
右手	yòu shǒu	main droite	right hand
天气	tiān qì	temps (météo)	weather
小雨	xiǎo yǔ	petite pluie	light rain
大雨	dà yǔ	forte pluie	heavy rain
雨	yǔ	pluie	rain
毛毛雨	máo mao yǔ	bruine	drizzle
小心	xiǎo xīn	attention, prudemment	careful
开车	kāi chē	conduire	to drive
开学	kāi xué	la rentrée des classes	start of term
开水	kāi shuǐ	eau bouillie	boiled water
开门	kāi mén	ouvrir (la porte)	to open (the door)
水果	shuǐ guǒ	fruits	fruit
明白	míng bai	compris ; comprendre	got it; to understand
山里	shān lǐ	dans la montagne	in the mountains
大衣	dà yī	manteau	coat
