# Fiches passées à `relu` sur décision du propriétaire, sans relecture ligne à ligne.
# Une vraie relecture peut les rattraper : elles sont listées ici, avec la décision citée.
# Colonnes : c, date, décision.
c	date	decision
万	2026-09-30	« Lance oui. Pas de relecture » (30 septembre 2026)
且	2026-09-30	« Lance oui. Pas de relecture » (30 septembre 2026)
业	2026-09-30	« Lance oui. Pas de relecture » (30 septembre 2026)
举	2026-09-30	« Lance oui. Pas de relecture » (30 septembre 2026)
久	2026-09-30	« Lance oui. Pas de relecture » (30 septembre 2026)
乐	2026-09-30	« Lance oui. Pas de relecture » (30 septembre 2026)
习	2026-09-30	« Lance oui. Pas de relecture » (30 septembre 2026)
事	2026-09-30	« Lance oui. Pas de relecture » (30 septembre 2026)
于	2026-09-30	« Lance oui. Pas de relecture » (30 septembre 2026)
交	2026-09-30	« Lance oui. Pas de relecture » (30 septembre 2026)
亮	2026-09-30	« Lance oui. Pas de relecture » (30 septembre 2026)
亿	2026-09-30	« Lance oui. Pas de relecture » (30 septembre 2026)
介	2026-09-30	« Lance oui. Pas de relecture » (30 septembre 2026)
件	2026-09-30	« Lance oui. Pas de relecture » (30 septembre 2026)
份	2026-09-30	« Lance oui. Pas de relecture » (30 septembre 2026)
休	2026-09-30	« Lance oui. Pas de relecture » (30 septembre 2026)
但	2026-09-30	« Lance oui. Pas de relecture » (30 septembre 2026)
位	2026-09-30	« Lance oui. Pas de relecture » (30 septembre 2026)
低	2026-09-30	« Lance oui. Pas de relecture » (30 septembre 2026)
体	2026-09-30	« Lance oui. Pas de relecture » (30 septembre 2026)
使	2026-09-30	« Lance oui. Pas de relecture » (30 septembre 2026)
例	2026-09-30	« Lance oui. Pas de relecture » (30 septembre 2026)
便	2026-09-30	« Lance oui. Pas de relecture » (30 septembre 2026)
倒	2026-09-30	« Lance oui. Pas de relecture » (30 septembre 2026)
借	2026-09-30	« Lance oui. Pas de relecture » (30 septembre 2026)
假	2026-09-30	« Lance oui. Pas de relecture » (30 septembre 2026)
做	2026-09-30	« Lance oui. Pas de relecture » (30 septembre 2026)
停	2026-09-30	« Lance oui. Pas de relecture » (30 septembre 2026)
健	2026-09-30	« Lance oui. Pas de relecture » (30 septembre 2026)
像	2026-09-30	« Lance oui. Pas de relecture » (30 septembre 2026)
元	2026-09-30	« Lance oui. Pas de relecture » (30 septembre 2026)
克	2026-09-30	« Lance oui. Pas de relecture » (30 septembre 2026)
入	2026-09-30	« Lance oui. Pas de relecture » (30 septembre 2026)
全	2026-09-30	« Lance oui. Pas de relecture » (30 septembre 2026)
公	2026-09-30	« Lance oui. Pas de relecture » (30 septembre 2026)
共	2026-09-30	« Lance oui. Pas de relecture » (30 septembre 2026)
典	2026-09-30	« Lance oui. Pas de relecture » (30 septembre 2026)
养	2026-09-30	« Lance oui. Pas de relecture » (30 septembre 2026)
净	2026-09-30	« Lance oui. Pas de relecture » (30 septembre 2026)
准	2026-09-30	« Lance oui. Pas de relecture » (30 septembre 2026)
凉	2026-09-30	« Lance oui. Pas de relecture » (30 septembre 2026)
划	2026-09-30	« Lance oui. Pas de relecture » (30 septembre 2026)
利	2026-09-30	« Lance oui. Pas de relecture » (30 septembre 2026)
刻	2026-09-30	« Lance oui. Pas de relecture » (30 septembre 2026)
加	2026-09-30	« Lance oui. Pas de relecture » (30 septembre 2026)
务	2026-09-30	« Lance oui. Pas de relecture » (30 septembre 2026)
动	2026-09-30	« Lance oui. Pas de relecture » (30 septembre 2026)
助	2026-09-30	« Lance oui. Pas de relecture » (30 septembre 2026)
努	2026-09-30	« Lance oui. Pas de relecture » (30 septembre 2026)
包	2026-09-30	« Lance oui. Pas de relecture » (30 septembre 2026)
医	2026-09-30	« Lance oui. Pas de relecture » (30 septembre 2026)
千	2026-09-30	« Lance oui. Pas de relecture » (30 septembre 2026)
单	2026-09-30	« Lance oui. Pas de relecture » (30 septembre 2026)
占	2026-09-30	« Lance oui. Pas de relecture » (30 septembre 2026)
卡	2026-09-30	« Lance oui. Pas de relecture » (30 septembre 2026)
印	2026-09-30	« Lance oui. Pas de relecture » (30 septembre 2026)
原	2026-09-30	« Lance oui. Pas de relecture » (30 septembre 2026)
参	2026-09-30	« Lance oui. Pas de relecture » (30 septembre 2026)
发	2026-09-30	« Lance oui. Pas de relecture » (30 septembre 2026)
取	2026-09-30	« Lance oui. Pas de relecture » (30 septembre 2026)
受	2026-09-30	« Lance oui. Pas de relecture » (30 septembre 2026)
变	2026-09-30	« Lance oui. Pas de relecture » (30 septembre 2026)
句	2026-09-30	« Lance oui. Pas de relecture » (30 septembre 2026)
右	2026-09-30	« Lance oui. Pas de relecture » (30 septembre 2026)
号	2026-09-30	« Lance oui. Pas de relecture » (30 septembre 2026)
司	2026-09-30	« Lance oui. Pas de relecture » (30 septembre 2026)
合	2026-09-30	« Lance oui. Pas de relecture » (30 septembre 2026)
向	2026-09-30	« Lance oui. Pas de relecture » (30 septembre 2026)
吹	2026-09-30	« Lance oui. Pas de relecture » (30 septembre 2026)
告	2026-09-30	« Lance oui. Pas de relecture » (30 septembre 2026)
周	2026-09-30	« Lance oui. Pas de relecture » (30 septembre 2026)
味	2026-09-30	« Lance oui. Pas de relecture » (30 septembre 2026)
咱	2026-09-30	« Lance oui. Pas de relecture » (30 septembre 2026)
响	2026-09-30	« Lance oui. Pas de relecture » (30 septembre 2026)
哭	2026-09-30	« Lance oui. Pas de relecture » (30 septembre 2026)
唱	2026-09-30	« Lance oui. Pas de relecture » (30 septembre 2026)
啊	2026-09-30	« Lance oui. Pas de relecture » (30 septembre 2026)
喂	2026-09-30	« Lance oui. Pas de relecture » (30 septembre 2026)
喊	2026-09-30	« Lance oui. Pas de relecture » (30 septembre 2026)
嘴	2026-09-30	« Lance oui. Pas de relecture » (30 septembre 2026)
园	2026-09-30	« Lance oui. Pas de relecture » (30 septembre 2026)
场	2026-09-30	« Lance oui. Pas de relecture » (30 septembre 2026)
坏	2026-09-30	« Lance oui. Pas de relecture » (30 septembre 2026)
堂	2026-09-30	« Lance oui. Pas de relecture » (30 septembre 2026)
墙	2026-09-30	« Lance oui. Pas de relecture » (30 septembre 2026)
声	2026-09-30	« Lance oui. Pas de relecture » (30 septembre 2026)
处	2026-09-30	« Lance oui. Pas de relecture » (30 septembre 2026)
备	2026-09-30	« Lance oui. Pas de relecture » (30 septembre 2026)
复	2026-09-30	« Lance oui. Pas de relecture » (30 septembre 2026)
夏	2026-09-30	« Lance oui. Pas de relecture » (30 septembre 2026)
夜	2026-09-30	« Lance oui. Pas de relecture » (30 septembre 2026)
够	2026-09-30	« Lance oui. Pas de relecture » (30 septembre 2026)
套	2026-09-30	« Lance oui. Pas de relecture » (30 septembre 2026)
奶	2026-09-30	« Lance oui. Pas de relecture » (30 septembre 2026)
妹	2026-09-30	« Lance oui. Pas de relecture » (30 septembre 2026)
姐	2026-09-30	« Lance oui. Pas de relecture » (30 septembre 2026)
安	2026-09-30	« Lance oui. Pas de relecture » (30 septembre 2026)
定	2026-09-30	« Lance oui. Pas de relecture » (30 septembre 2026)
宜	2026-09-30	« Lance oui. Pas de relecture » (30 septembre 2026)
实	2026-09-30	« Lance oui. Pas de relecture » (30 septembre 2026)
客	2026-09-30	« Lance oui. Pas de relecture » (30 septembre 2026)
室	2026-09-30	« Lance oui. Pas de relecture » (30 septembre 2026)
封	2026-09-30	« Lance oui. Pas de relecture » (30 septembre 2026)
层	2026-09-30	« Lance oui. Pas de relecture » (30 septembre 2026)
左	2026-09-30	« Lance oui. Pas de relecture » (30 septembre 2026)
差	2026-09-30	« Lance oui. Pas de relecture » (30 septembre 2026)
己	2026-09-30	« Lance oui. Pas de relecture » (30 septembre 2026)
已	2026-09-30	« Lance oui. Pas de relecture » (30 septembre 2026)
市	2026-09-30	« Lance oui. Pas de relecture » (30 septembre 2026)
带	2026-09-30	« Lance oui. Pas de relecture » (30 septembre 2026)
帮	2026-09-30	« Lance oui. Pas de relecture » (30 septembre 2026)
平	2026-09-30	« Lance oui. Pas de relecture » (30 septembre 2026)
床	2026-09-30	« Lance oui. Pas de relecture » (30 septembre 2026)
应	2026-09-30	« Lance oui. Pas de relecture » (30 septembre 2026)
度	2026-09-30	« Lance oui. Pas de relecture » (30 septembre 2026)
座	2026-09-30	« Lance oui. Pas de relecture » (30 septembre 2026)
庭	2026-09-30	« Lance oui. Pas de relecture » (30 septembre 2026)
康	2026-09-30	« Lance oui. Pas de relecture » (30 septembre 2026)
弄	2026-09-30	« Lance oui. Pas de relecture » (30 septembre 2026)
弟	2026-09-30	« Lance oui. Pas de relecture » (30 septembre 2026)
当	2026-09-30	« Lance oui. Pas de relecture » (30 septembre 2026)
往	2026-09-30	« Lance oui. Pas de relecture » (30 septembre 2026)
必	2026-09-30	« Lance oui. Pas de relecture » (30 septembre 2026)
忘	2026-09-30	« Lance oui. Pas de relecture » (30 septembre 2026)
忽	2026-09-30	« Lance oui. Pas de relecture » (30 septembre 2026)
态	2026-09-30	« Lance oui. Pas de relecture » (30 septembre 2026)
怕	2026-09-30	« Lance oui. Pas de relecture » (30 septembre 2026)
急	2026-09-30	« Lance oui. Pas de relecture » (30 septembre 2026)
息	2026-09-30	« Lance oui. Pas de relecture » (30 septembre 2026)
情	2026-09-30	« Lance oui. Pas de relecture » (30 septembre 2026)
惯	2026-09-30	« Lance oui. Pas de relecture » (30 septembre 2026)
感	2026-09-30	« Lance oui. Pas de relecture » (30 septembre 2026)
愿	2026-09-30	« Lance oui. Pas de relecture » (30 septembre 2026)
慢	2026-09-30	« Lance oui. Pas de relecture » (30 septembre 2026)
成	2026-09-30	« Lance oui. Pas de relecture » (30 septembre 2026)
或	2026-09-30	« Lance oui. Pas de relecture » (30 septembre 2026)
所	2026-09-30	« Lance oui. Pas de relecture » (30 septembre 2026)
才	2026-09-30	« Lance oui. Pas de relecture » (30 septembre 2026)
找	2026-09-30	« Lance oui. Pas de relecture » (30 septembre 2026)
护	2026-09-30	« Lance oui. Pas de relecture » (30 septembre 2026)
报	2026-09-30	« Lance oui. Pas de relecture » (30 septembre 2026)
拉	2026-09-30	« Lance oui. Pas de relecture » (30 septembre 2026)
拿	2026-09-30	« Lance oui. Pas de relecture » (30 septembre 2026)
挺	2026-09-30	« Lance oui. Pas de relecture » (30 septembre 2026)
换	2026-09-30	« Lance oui. Pas de relecture » (30 septembre 2026)
掉	2026-09-30	« Lance oui. Pas de relecture » (30 septembre 2026)
排	2026-09-30	« Lance oui. Pas de relecture » (30 septembre 2026)
接	2026-09-30	« Lance oui. Pas de relecture » (30 septembre 2026)
推	2026-09-30	« Lance oui. Pas de relecture » (30 septembre 2026)
提	2026-09-30	« Lance oui. Pas de relecture » (30 septembre 2026)
收	2026-09-30	« Lance oui. Pas de relecture » (30 septembre 2026)
改	2026-09-30	« Lance oui. Pas de relecture » (30 septembre 2026)
放	2026-09-30	« Lance oui. Pas de relecture » (30 septembre 2026)
故	2026-09-30	« Lance oui. Pas de relecture » (30 septembre 2026)
教	2026-09-30	« Lance oui. Pas de relecture » (30 septembre 2026)
数	2026-09-30	« Lance oui. Pas de relecture » (30 septembre 2026)
旁	2026-09-30	« Lance oui. Pas de relecture » (30 septembre 2026)
旅	2026-09-30	« Lance oui. Pas de relecture » (30 septembre 2026)
春	2026-09-30	« Lance oui. Pas de relecture » (30 septembre 2026)
晨	2026-09-30	« Lance oui. Pas de relecture » (30 septembre 2026)
普	2026-09-30	« Lance oui. Pas de relecture » (30 septembre 2026)
晴	2026-09-30	« Lance oui. Pas de relecture » (30 septembre 2026)
更	2026-09-30	« Lance oui. Pas de relecture » (30 septembre 2026)
最	2026-09-30	« Lance oui. Pas de relecture » (30 septembre 2026)
服	2026-09-30	« Lance oui. Pas de relecture » (30 septembre 2026)
末	2026-09-30	« Lance oui. Pas de relecture » (30 septembre 2026)
条	2026-09-30	« Lance oui. Pas de relecture » (30 septembre 2026)
板	2026-09-30	« Lance oui. Pas de relecture » (30 septembre 2026)
查	2026-09-30	« Lance oui. Pas de relecture » (30 septembre 2026)
树	2026-09-30	« Lance oui. Pas de relecture » (30 septembre 2026)
校	2026-09-30	« Lance oui. Pas de relecture » (30 septembre 2026)
桌	2026-09-30	« Lance oui. Pas de relecture » (30 septembre 2026)
检	2026-09-30	« Lance oui. Pas de relecture » (30 septembre 2026)
椅	2026-09-30	« Lance oui. Pas de relecture » (30 septembre 2026)
楚	2026-09-30	« Lance oui. Pas de relecture » (30 septembre 2026)
楼	2026-09-30	« Lance oui. Pas de relecture » (30 septembre 2026)
次	2026-09-30	« Lance oui. Pas de relecture » (30 septembre 2026)
歌	2026-09-30	« Lance oui. Pas de relecture » (30 septembre 2026)
正	2026-09-30	« Lance oui. Pas de relecture » (30 septembre 2026)
段	2026-09-30	« Lance oui. Pas de relecture » (30 septembre 2026)
永	2026-09-30	« Lance oui. Pas de relecture » (30 septembre 2026)
求	2026-09-30	« Lance oui. Pas de relecture » (30 septembre 2026)
河	2026-09-30	« Lance oui. Pas de relecture » (30 septembre 2026)
油	2026-09-30	« Lance oui. Pas de relecture » (30 septembre 2026)
洗	2026-09-30	« Lance oui. Pas de relecture » (30 septembre 2026)
流	2026-09-30	« Lance oui. Pas de relecture » (30 septembre 2026)
清	2026-09-30	« Lance oui. Pas de relecture » (30 septembre 2026)
温	2026-09-30	« Lance oui. Pas de relecture » (30 septembre 2026)
渴	2026-09-30	« Lance oui. Pas de relecture » (30 septembre 2026)
游	2026-09-30	« Lance oui. Pas de relecture » (30 septembre 2026)
湖	2026-09-30	« Lance oui. Pas de relecture » (30 septembre 2026)
满	2026-09-30	« Lance oui. Pas de relecture » (30 septembre 2026)
漂	2026-09-30	« Lance oui. Pas de relecture » (30 septembre 2026)
澡	2026-09-30	« Lance oui. Pas de relecture » (30 septembre 2026)
灯	2026-09-30	« Lance oui. Pas de relecture » (30 septembre 2026)
热	2026-09-30	« Lance oui. Pas de relecture » (30 septembre 2026)
然	2026-09-30	« Lance oui. Pas de relecture » (30 septembre 2026)
照	2026-09-30	« Lance oui. Pas de relecture » (30 septembre 2026)
熟	2026-09-30	« Lance oui. Pas de relecture » (30 septembre 2026)
爬	2026-09-30	« Lance oui. Pas de relecture » (30 septembre 2026)
爷	2026-09-30	« Lance oui. Pas de relecture » (30 septembre 2026)
片	2026-09-30	« Lance oui. Pas de relecture » (30 septembre 2026)
牛	2026-09-30	« Lance oui. Pas de relecture » (30 septembre 2026)
物	2026-09-30	« Lance oui. Pas de relecture » (30 septembre 2026)
特	2026-09-30	« Lance oui. Pas de relecture » (30 septembre 2026)
狗	2026-09-30	« Lance oui. Pas de relecture » (30 septembre 2026)
猫	2026-09-30	« Lance oui. Pas de relecture » (30 septembre 2026)
班	2026-09-30	« Lance oui. Pas de relecture » (30 septembre 2026)
球	2026-09-30	« Lance oui. Pas de relecture » (30 septembre 2026)
理	2026-09-30	« Lance oui. Pas de relecture » (30 septembre 2026)
瓶	2026-09-30	« Lance oui. Pas de relecture » (30 septembre 2026)
由	2026-09-30	« Lance oui. Pas de relecture » (30 septembre 2026)
留	2026-09-30	« Lance oui. Pas de relecture » (30 septembre 2026)
疼	2026-09-30	« Lance oui. Pas de relecture » (30 septembre 2026)
直	2026-09-30	« Lance oui. Pas de relecture » (30 septembre 2026)
相	2026-09-30	« Lance oui. Pas de relecture » (30 septembre 2026)
省	2026-09-30	« Lance oui. Pas de relecture » (30 septembre 2026)
真	2026-09-30	« Lance oui. Pas de relecture » (30 septembre 2026)
眼	2026-09-30	« Lance oui. Pas de relecture » (30 septembre 2026)
着	2026-09-30	« Lance oui. Pas de relecture » (30 septembre 2026)
睛	2026-09-30	« Lance oui. Pas de relecture » (30 septembre 2026)
睡	2026-09-30	« Lance oui. Pas de relecture » (30 septembre 2026)
短	2026-09-30	« Lance oui. Pas de relecture » (30 septembre 2026)
确	2026-09-30	« Lance oui. Pas de relecture » (30 septembre 2026)
碗	2026-09-30	« Lance oui. Pas de relecture » (30 septembre 2026)
碰	2026-09-30	« Lance oui. Pas de relecture » (30 septembre 2026)
礼	2026-09-30	« Lance oui. Pas de relecture » (30 septembre 2026)
离	2026-09-30	« Lance oui. Pas de relecture » (30 septembre 2026)
秋	2026-09-30	« Lance oui. Pas de relecture » (30 septembre 2026)
科	2026-09-30	« Lance oui. Pas de relecture » (30 septembre 2026)
租	2026-09-30	« Lance oui. Pas de relecture » (30 septembre 2026)
称	2026-09-30	« Lance oui. Pas de relecture » (30 septembre 2026)
空	2026-09-30	« Lance oui. Pas de relecture » (30 septembre 2026)
穿	2026-09-30	« Lance oui. Pas de relecture » (30 septembre 2026)
站	2026-09-30	« Lance oui. Pas de relecture » (30 septembre 2026)
笑	2026-09-30	« Lance oui. Pas de relecture » (30 septembre 2026)
第	2026-09-30	« Lance oui. Pas de relecture » (30 septembre 2026)
等	2026-09-30	« Lance oui. Pas de relecture » (30 septembre 2026)
答	2026-09-30	« Lance oui. Pas de relecture » (30 septembre 2026)
算	2026-09-30	« Lance oui. Pas de relecture » (30 septembre 2026)
篇	2026-09-30	« Lance oui. Pas de relecture » (30 septembre 2026)
篮	2026-09-30	« Lance oui. Pas de relecture » (30 septembre 2026)
系	2026-09-30	« Lance oui. Pas de relecture » (30 septembre 2026)
级	2026-09-30	« Lance oui. Pas de relecture » (30 septembre 2026)
纸	2026-09-30	« Lance oui. Pas de relecture » (30 septembre 2026)
练	2026-09-30	« Lance oui. Pas de relecture » (30 septembre 2026)
组	2026-09-30	« Lance oui. Pas de relecture » (30 septembre 2026)
绍	2026-09-30	« Lance oui. Pas de relecture » (30 septembre 2026)
经	2026-09-30	« Lance oui. Pas de relecture » (30 septembre 2026)
结	2026-09-30	« Lance oui. Pas de relecture » (30 septembre 2026)
绩	2026-09-30	« Lance oui. Pas de relecture » (30 septembre 2026)
绿	2026-09-30	« Lance oui. Pas de relecture » (30 septembre 2026)
网	2026-09-30	« Lance oui. Pas de relecture » (30 septembre 2026)
考	2026-09-30	« Lance oui. Pas de relecture » (30 septembre 2026)
者	2026-09-30	« Lance oui. Pas de relecture » (30 septembre 2026)
而	2026-09-30	« Lance oui. Pas de relecture » (30 septembre 2026)
育	2026-09-30	« Lance oui. Pas de relecture » (30 septembre 2026)
背	2026-09-30	« Lance oui. Pas de relecture » (30 septembre 2026)
脏	2026-09-30	« Lance oui. Pas de relecture » (30 septembre 2026)
脑	2026-09-30	« Lance oui. Pas de relecture » (30 septembre 2026)
脚	2026-09-30	« Lance oui. Pas de relecture » (30 septembre 2026)
脸	2026-09-30	« Lance oui. Pas de relecture » (30 septembre 2026)
腿	2026-09-30	« Lance oui. Pas de relecture » (30 septembre 2026)
自	2026-09-30	« Lance oui. Pas de relecture » (30 septembre 2026)
舒	2026-09-30	« Lance oui. Pas de relecture » (30 septembre 2026)
般	2026-09-30	« Lance oui. Pas de relecture » (30 septembre 2026)
船	2026-09-30	« Lance oui. Pas de relecture » (30 septembre 2026)
色	2026-09-30	« Lance oui. Pas de relecture » (30 septembre 2026)
节	2026-09-30	« Lance oui. Pas de relecture » (30 septembre 2026)
英	2026-09-30	« Lance oui. Pas de relecture » (30 septembre 2026)
草	2026-09-30	« Lance oui. Pas de relecture » (30 septembre 2026)
药	2026-09-30	« Lance oui. Pas de relecture » (30 septembre 2026)
蓝	2026-09-30	« Lance oui. Pas de relecture » (30 septembre 2026)
虽	2026-09-30	« Lance oui. Pas de relecture » (30 septembre 2026)
蛋	2026-09-30	« Lance oui. Pas de relecture » (30 septembre 2026)
行	2026-09-30	« Lance oui. Pas de relecture » (30 septembre 2026)
街	2026-09-30	« Lance oui. Pas de relecture » (30 septembre 2026)
衣	2026-09-30	« Lance oui. Pas de relecture » (30 septembre 2026)
表	2026-09-30	« Lance oui. Pas de relecture » (30 septembre 2026)
装	2026-09-30	« Lance oui. Pas de relecture » (30 septembre 2026)
观	2026-09-30	« Lance oui. Pas de relecture » (30 septembre 2026)
视	2026-09-30	« Lance oui. Pas de relecture » (30 septembre 2026)
角	2026-09-30	« Lance oui. Pas de relecture » (30 septembre 2026)
计	2026-09-30	« Lance oui. Pas de relecture » (30 septembre 2026)
讨	2026-09-30	« Lance oui. Pas de relecture » (30 septembre 2026)
记	2026-09-30	« Lance oui. Pas de relecture » (30 septembre 2026)
讲	2026-09-30	« Lance oui. Pas de relecture » (30 septembre 2026)
论	2026-09-30	« Lance oui. Pas de relecture » (30 septembre 2026)
诉	2026-09-30	« Lance oui. Pas de relecture » (30 septembre 2026)
词	2026-09-30	« Lance oui. Pas de relecture » (30 septembre 2026)
试	2026-09-30	« Lance oui. Pas de relecture » (30 septembre 2026)
该	2026-09-30	« Lance oui. Pas de relecture » (30 septembre 2026)
读	2026-09-30	« Lance oui. Pas de relecture » (30 septembre 2026)
起	2026-09-30	« Lance oui. Pas de relecture » (30 septembre 2026)
超	2026-09-30	« Lance oui. Pas de relecture » (30 septembre 2026)
越	2026-09-30	« Lance oui. Pas de relecture » (30 septembre 2026)
跑	2026-09-30	« Lance oui. Pas de relecture » (30 septembre 2026)
路	2026-09-30	« Lance oui. Pas de relecture » (30 septembre 2026)
轻	2026-09-30	« Lance oui. Pas de relecture » (30 septembre 2026)
辆	2026-09-30	« Lance oui. Pas de relecture » (30 septembre 2026)
迎	2026-09-30	« Lance oui. Pas de relecture » (30 septembre 2026)
运	2026-09-30	« Lance oui. Pas de relecture » (30 septembre 2026)
送	2026-09-30	« Lance oui. Pas de relecture » (30 septembre 2026)
适	2026-09-30	« Lance oui. Pas de relecture » (30 septembre 2026)
选	2026-09-30	« Lance oui. Pas de relecture » (30 septembre 2026)
通	2026-09-30	« Lance oui. Pas de relecture » (30 septembre 2026)
遍	2026-09-30	« Lance oui. Pas de relecture » (30 septembre 2026)
部	2026-09-30	« Lance oui. Pas de relecture » (30 septembre 2026)
量	2026-09-30	« Lance oui. Pas de relecture » (30 septembre 2026)
钟	2026-09-30	« Lance oui. Pas de relecture » (30 septembre 2026)
铁	2026-09-30	« Lance oui. Pas de relecture » (30 septembre 2026)
银	2026-09-30	« Lance oui. Pas de relecture » (30 septembre 2026)
错	2026-09-30	« Lance oui. Pas de relecture » (30 septembre 2026)
闻	2026-09-30	« Lance oui. Pas de relecture » (30 septembre 2026)
队	2026-09-30	« Lance oui. Pas de relecture » (30 septembre 2026)
阳	2026-09-30	« Lance oui. Pas de relecture » (30 septembre 2026)
阴	2026-09-30	« Lance oui. Pas de relecture » (30 septembre 2026)
际	2026-09-30	« Lance oui. Pas de relecture » (30 septembre 2026)
院	2026-09-30	« Lance oui. Pas de relecture » (30 septembre 2026)
随	2026-09-30	« Lance oui. Pas de relecture » (30 septembre 2026)
雪	2026-09-30	« Lance oui. Pas de relecture » (30 septembre 2026)
零	2026-09-30	« Lance oui. Pas de relecture » (30 septembre 2026)
青	2026-09-30	« Lance oui. Pas de relecture » (30 septembre 2026)
静	2026-09-30	« Lance oui. Pas de relecture » (30 septembre 2026)
靠	2026-09-30	« Lance oui. Pas de relecture » (30 septembre 2026)
鞋	2026-09-30	« Lance oui. Pas de relecture » (30 septembre 2026)
音	2026-09-30	« Lance oui. Pas de relecture » (30 septembre 2026)
顺	2026-09-30	« Lance oui. Pas de relecture » (30 septembre 2026)
须	2026-09-30	« Lance oui. Pas de relecture » (30 septembre 2026)
顾	2026-09-30	« Lance oui. Pas de relecture » (30 septembre 2026)
颜	2026-09-30	« Lance oui. Pas de relecture » (30 septembre 2026)
风	2026-09-30	« Lance oui. Pas de relecture » (30 septembre 2026)
食	2026-09-30	« Lance oui. Pas de relecture » (30 septembre 2026)
餐	2026-09-30	« Lance oui. Pas de relecture » (30 septembre 2026)
饱	2026-09-30	« Lance oui. Pas de relecture » (30 septembre 2026)
饺	2026-09-30	« Lance oui. Pas de relecture » (30 septembre 2026)
饿	2026-09-30	« Lance oui. Pas de relecture » (30 septembre 2026)
骑	2026-09-30	« Lance oui. Pas de relecture » (30 septembre 2026)
鱼	2026-09-30	« Lance oui. Pas de relecture » (30 septembre 2026)
鸟	2026-09-30	« Lance oui. Pas de relecture » (30 septembre 2026)
鸡	2026-09-30	« Lance oui. Pas de relecture » (30 septembre 2026)
黄	2026-09-30	« Lance oui. Pas de relecture » (30 septembre 2026)
黑	2026-09-30	« Lance oui. Pas de relecture » (30 septembre 2026)
