# Ordre figé du parcours « hsk » (liste hsk-1), un jour par ligne.
#
# Écrit par `uv run wenlu parcours figer`, relu, puis versionné : `wenlu build` le lit
# au lieu de recalculer l'ordre, et le refuse s'il ne tient plus contre le graphe
# (brique posée deux fois, composé posé avant ses briques, caractère de la liste
# oublié, caractère qui n'est plus à apprendre). Un jour qui bouge est donc toujours
# une décision explicite, visible dans l'historique de ce fichier.
# Voir `data/src/wenlu_data/graphe.py` et `docs/sources-licences.md` §10.
#
# Colonnes, séparées par une tabulation : jour ; brique nouvelle (`-` : aucune) ;
# composés, séparés par une espace (`-` : aucun) ; `ferme` pour les jours qui
# ferment le parcours (caractères non réconciliés ou absents), `-` sinon.
jour	brique	composes	statut
1	人	-	-
2	大	-	-
3	天	-	-
4	月	从 介	-
5	口	朋 有	-
6	日	明 右	-
7	门	间 问	-
8	一	是	-
9	十	早	-
10	儿	先	-
11	二	元	-
12	工	左	-
13	子	学	-
14	女	好	-
15	马	妈 吗	-
16	牛	告	-
17	见	觉	-
18	生	星	-
19	手	拿	-
20	也	她	-
21	八	-	-
22	火	-	-
23	山	-	-
24	米	-	-
25	几	-	-
26	白	-	-
27	小	-	-
28	车	-	-
29	方	-	-
30	干	-	-
31	衣	-	-
32	雨	-	-
33	习	-	-
34	页	-	-
35	水	-	-
36	文	-	-
37	中	-	-
38	里	-	-
39	毛	-	-
40	六	-	-
41	非	-	-
42	高	-	-
43	今	-	-
44	气	-	-
45	开	-	-
46	少	-	-
47	用	-	-
48	京	-	-
49	电	-	-
50	果	-	-
51	九	-	-
52	去	-	-
53	不	-	-
54	五	-	-
55	西	-	-
56	我	-	-
57	出	-	-
58	正	-	-
59	风	-	-
60	上	-	-
61	身	-	-
62	弟	-	-
63	老	-	-
64	了	-	-
65	百	-	-
66	半	-	-
67	午	-	-
68	再	-	-
69	重	-	-
70	两	-	-
71	来	-	-
72	面	-	-
73	七	-	-
74	南	-	-
75	三	-	-
76	太	-	-
77	东	-	-
78	本	-	-
79	后	-	-
80	肉	-	-
81	么	-	-
82	四	-	-
83	下	-	-
84	飞	-	-
85	个	-	-
86	年	-	-
87	事	-	-
88	书	-	-
89	亻	们 什	-
90	木	杯 机	-
91	讠	课 楼	-
92	土	地 坏	-
93	辶	还 认	-
94	寸	过 时	-
95	又	对 识	-
96	氵	汉 汽	-
97	丷	关 树	-
98	⺮	答 等	-
99	夕	第 多	-
100	阝	名 哪	-
101	宀	那 说	-
102	夂	客 路	-
103	匕	北 比	-
104	艹	茶 花	-
105	隹	难 谁	-
106	王	送 岁	-
107	刂	班 前	-
108	勹	喝 渴	-
109	力	边 别	-
110	田	备 男	-
111	止	他 体	-
112	攵	放 条	-
113	羊	差 玩	-
114	目	看 洗	-
115	耂	都 教	-
116	巳	包 跑	-
117	云	动 会	-
118	丂	号 考	-
119	己	记 起	-
120	乍	现 些	-
121	心	想 谢	-
122	⺈	你 您	-
123	丨	休 样	-
124	丶	零 友	-
125	冫	冷 语	-
126	欠	次 欢	-
127	丁	哥 歌	-
128	彳	得 行	-
129	艮	跟 很	-
130	扌	打 远	-
131	厶	能 院	-
132	乂	校 在	-
133	立	旁 怎	-
134	⺊	站 这	-
135	广	床 店	-
136	斤	听 新	-
137	灬	点 着	-
138	禾	和 准	-
139	纟	给 桌	-
140	刀	分 绍	-
141	贝	贵 字	-
142	巾	师 走	-
143	囗	回 昨	-
144	尸	呢 作	-
145	冂	网 坐	-
146	亠	商 做	-
147	戈	找	-
148	爫	菜	-
149	冖	爱	-
150	士	喜	-
151	耳	最	-
152	⺌	常	-
153	彡	影	-
154	凵	脑	-
155	户	房	-
156	鸟	鸡	-
157	龶	请	-
158	殳	没	-
159	豕	家	-
160	丰	帮	-
161	糸	累	-
162	丿	系	-
163	矢	知	-
164	厂	候	-
165	饣	饿 饭	-
166	匚	医	-
167	勿	场	-
168	覀	要	-
169	示	票	-
170	礻	视	-
171	凡	同	-
172	且	姐	-
173	卩	服	-
174	自	息	-
175	亡	忘	-
176	忄	忙	-
177	夬	块 快	-
178	罒	慢	-
179	巴	吧	-
180	父	爸 爷	-
181	㠯	馆	-
182	井	进	-
183	弋	试	-
184	卜	外	-
185	夭	笑	-
186	丸	热	-
187	至	到	-
188	舌	话	-
189	⺀	图	-
190	玉	国	-
191	直	真	-
192	乙	吃	-
193	乃	奶	-
194	免	晚	-
195	其	期	-
196	亥	孩	-
197	勺	的	-
198	尤	就	-
199	主	住	-
200	曰	唱	-
201	叚	假	-
202	未	妹	-
203	争	净	-
204	垂	睡	-
205	丩	叫	-
206	求	球	-
207	斥	诉	-
208	首	道	-
209	与	写	-
210	虫	-	-
211	乛	蛋	-
212	头	读 买	-
213	钅	-	-
214	廿	错	-
215	戋	钱	-
216	疒	-	-
217	丙	病	-
218	穴	-	-
219	牙	穿	-
220	-	兴	ferme
