# Ordre figé du parcours « lire » (listes seuil-255, hsk-1, hsk-2, hsk-3, hsk-4, hsk-5, hsk-6, hsk-7-9), un jour par ligne.
#
# Écrit par `uv run wenlu parcours figer` (ou prolongé par `uv run wenlu parcours
# prolonger`), relu, puis versionné : `wenlu build` le lit au lieu de recalculer
# l'ordre, et le refuse s'il ne tient plus contre le graphe (brique posée deux fois,
# composé posé avant ses briques, caractère de la liste oublié, caractère qui n'est
# plus à apprendre, étape commencée avant la fin de la précédente). Un jour qui bouge
# est donc toujours une décision explicite, visible dans l'historique de ce fichier.
# Voir `data/src/wenlu_data/graphe.py` et `docs/sources-licences.md` §10.
#
# Étapes, dans l'ordre (graphe.ETAPES) : chaque liste n'apporte que ce que le chemin
# n'a pas encore posé, et se termine avant la suivante. La première est le chemin
# gratuit (brief §10) ; la suite est de Wenlu complet. Décision du propriétaire du
# 30 septembre 2026 : après le seuil 255 ou le HSK 1, les deux chemins suivent le
# HSK 3.0 (GF 0025-2021, data/sources/listes/hsk-*.txt) jusqu'au bout du HSK 7-9 ;
# les seuils 405 à 1555 sont introuvables.
# Règles de la suite, celles du calcul (`graphe.parcours`) : une brique nouvelle au
# plus par jour, puis un ou deux composés qu'elle rend lisibles ; un composé
# seulement quand toutes ses briques GF 0014-2009 sont posées ; parmi les
# candidats, les caractères de la liste de l'étape d'abord, puis ce qui devient
# lisible le jour même, puis le nombre de caractères qui dépendent du candidat
# (aucun rang de fréquence n'est ingéré), puis l'ordre de la liste. Les caractères
# non réconciliés ou absents de chaque liste ferment son étape ; la session les saute.
#   seuil 255 : jusqu'au jour 189
#   HSK 1 : jusqu'au jour 230
#   HSK 2 : jusqu'au jour 338
#   HSK 3 : jusqu'au jour 466
#   HSK 4 : jusqu'au jour 604
#   HSK 5 : jusqu'au jour 742
#   HSK 6 : jusqu'au jour 888
#   HSK 7-9 : jusqu'au jour 1452
#
# Colonnes, séparées par une tabulation : jour ; brique nouvelle (`-` : aucune) ;
# composés, séparés par une espace (`-` : aucun) ; `ferme` pour les jours qui
# ferment le parcours (caractères non réconciliés ou absents), `-` sinon.
jour	brique	composes	statut
# — seuil 255 —
1	人	-	-
2	大	-	-
3	天	-	-
4	月	从 朋	-
5	日	明 以	-
6	一	是 有	-
7	十	早	-
8	口	古	-
9	门	间 问	-
10	八	只	-
11	又	友	-
12	女	如	-
13	子	好 学	-
14	生	星 姓	-
15	儿	先	-
16	母	每	-
17	见	觉	-
18	王	现	-
19	二	玩	-
20	其	期	-
21	也	她	-
22	火	-	-
23	山	-	-
24	心	-	-
25	今	念	-
26	工	-	-
27	米	-	-
28	几	-	-
29	白	-	-
30	小	-	-
31	车	-	-
32	方	-	-
33	干	-	-
34	雨	-	-
35	水	-	-
36	文	-	-
37	中	-	-
38	里	-	-
39	毛	-	-
40	六	-	-
41	非	-	-
42	高	-	-
43	气	-	-
44	开	-	-
45	少	-	-
46	用	-	-
47	京	-	-
48	电	-	-
49	果	-	-
50	九	-	-
51	去	-	-
52	不	-	-
53	五	-	-
54	夫	-	-
55	西	-	-
56	我	-	-
57	出	-	-
58	上	-	-
59	老	-	-
60	了	-	-
61	百	-	-
62	半	-	-
63	午	-	-
64	再	-	-
65	重	-	-
66	长	-	-
67	两	-	-
68	父	-	-
69	来	-	-
70	面	-	-
71	七	-	-
72	南	-	-
73	三	-	-
74	太	-	-
75	东	-	-
76	本	-	-
77	后	-	-
78	肉	-	-
79	办	-	-
80	么	-	-
81	四	-	-
82	为	-	-
83	下	-	-
84	飞	-	-
85	个	-	-
86	年	-	-
87	书	-	-
88	讠	课 让	-
89	氵	法 海	-
90	木	杯 汉	-
91	亻	机 李	-
92	辶	还 们	-
93	寸	对 过	-
94	夕	多 名	-
95	乍	汽 认	-
96	土	地 什	-
97	宀	时 识	-
98	匕	北 比	-
99	艹	茶 花	-
100	阝	哪 那	-
101	隹	难 谁	-
102	立	亲 岁	-
103	斤	近 他	-
104	丷	关 说	-
105	纟	给 红	-
106	⺈	你 您	-
107	止	它 听	-
108	囗	回 完	-
109	丁	哥 可	-
110	羊	美 些	-
111	马	妈 吗	-
112	巴	爸 吧	-
113	舌	话 活	-
114	丨	新 许	-
115	目	想 样	-
116	扌	打 意	-
117	田	思 因	-
118	力	边 男	-
119	刂	别 前	-
120	言	信 语	-
121	厶	能 远	-
122	忄	懂 在	-
123	夬	块 快	-
124	⺮	笔 筷	-
125	禾	和 怎	-
126	勹	喝 这	-
127	贝	贵 字	-
128	巾	师 走	-
129	尸	呢 昨	-
130	戈	城 坐	-
131	爫	菜 作	-
132	冖	爱	-
133	士	喜	-
134	彡	影	-
135	刀	分	-
136	欠	欢	-
137	彳	得	-
138	艮	跟 很	-
139	凵	画	-
140	酉	酒	-
141	户	房	-
142	龶	请	-
143	殳	没	-
144	豕	家	-
145	弓	张	-
146	糸	累	-
147	矢	知	-
148	厂	候	-
149	页	题	-
150	耂	都	-
151	覀	要	-
152	示	票	-
153	饣	饭	-
154	冂	同	-
155	云	会	-
156	亡	忙	-
157	㠯	馆	-
158	井	进	-
159	卜	外	-
160	至	到	-
161	玉	国	-
162	手	看	-
163	乙	吃	-
164	免	晚	-
165	亥	孩	-
166	勺	的	-
167	尤	就	-
168	身	谢	-
169	主	住	-
170	丩	叫	-
171	首	道	-
172	与	写	-
173	丶	-	-
174	冫	冷	-
175	灬	-	-
176	⺊	点	-
177	广	店	-
178	钅	-	-
179	戋	钱	-
180	亠	-	-
181	-	商	-
182	乂	刚	-
183	⺌	常	-
184	夂	-	-
185	⺀	冬 图	-
186	疒	-	-
187	丙	病	-
188	乛	-	-
189	头	买 卖	-
# — fermeture : non réconciliés et absents de l'étape —
190	-	兴	ferme
# — HSK 1 —
191	习	班 备	-
192	牛	差 场	-
193	衣	床 次	-
194	风	错 答	-
195	弟	等 第	-
196	正	动 读	-
197	事	饿 告	-
198	攵	放 歌	-
199	卩	服 坏	-
200	巳	包 教	-
201	丂	号 介	-
202	己	记 考	-
203	虫	蛋 渴	-
204	罒	客 零	-
205	匚	楼 路	-
206	耳	慢 拿	-
207	鸟	鸡 脑	-
208	丿	旁 跑	-
209	丰	帮 起	-
210	礻	绍 视	-
211	且	姐 树	-
212	夭	送 体	-
213	弋	试 条	-
214	自	网 忘	-
215	丸	热 息	-
216	具	洗 系	-
217	乃	奶 校	-
218	叚	假 笑	-
219	未	妹 行	-
220	争	净 休	-
221	垂	睡 爷	-
222	求	球 医	-
223	斥	诉 右	-
224	曰	唱 元	-
225	穴	院 站	-
226	牙	穿 找	-
227	-	着 真	-
228	-	准 桌	-
229	-	最 左	-
230	-	做	-
# — HSK 2 —
231	业	啊 安	-
232	由	板 饱	-
233	万	报 背	-
234	角	遍 表	-
235	更	便 部	-
236	司	参 层	-
237	向	查 超	-
238	鱼	称 成	-
239	而	楚 处	-
240	黑	吹 春	-
241	片	词 但	-
242	千	倒 灯	-
243	单	掉 定	-
244	入	队 份	-
245	黄	封 复	-
246	平	该 改	-
247	于	公 共	-
248	必	够 故	-
249	食	观 合	-
250	永	河 湖	-
251	才	护 划	-
252	乐	或 计	-
253	直	际 绩	-
254	久	加 件	-
255	色	讲 交	-
256	发	饺 脚	-
257	末	接 街	-
258	卡	结 借	-
259	已	经 睛	-
260	卄	草 节	-
261	彐	当 急	-
262	皿	静 句	-
263	氏	低 靠	-
264	石	克 刻	-
265	犭	狗 空	-
266	㔾	顾 拉	-
267	犬	哭 蓝	-
268	舟	般 船	-
269	勿	忽 篮	-
270	戊	感 喊	-
271	乚	礼 理	-
272	豆	短 利	-
273	歹	例 练	-
274	氺	凉 亮	-
275	革	辆 量	-
276	廿	度 流	-
277	卯	留 旅	-
278	曲	典 绿	-
279	辰	晨 满	-
280	镸	猫 弄	-
281	禸	离 努	-
282	亦	变 怕	-
283	斗	科 排	-
284	予	碰 篇	-
285	瓦	漂 瓶	-
286	产	普 骑	-
287	丬	墙 青	-
288	失	轻 清	-
289	川	情 晴	-
290	央	秋 取	-
291	及	级 全	-
292	仑	论 确	-
293	隶	康 然	-
294	歺	餐 声	-
295	毌	惯 省	-
296	奂	换 实	-
297	戉	市 适	-
298	爪	爬 室	-
299	卬	收 受	-
300	象	舒 熟	-
301	卅	带 数	-
302	吏	使 顺	-
303	廴	算 虽	-
304	壬	随 态	-
305	聿	健 堂	-
306	-	讨 套	-
307	-	特 疼	-
308	-	提 铁	-
309	-	庭 停	-
310	-	挺 通	-
311	-	推 腿	-
312	-	碗 往	-
313	-	位 味	-
314	-	温 闻	-
315	-	务 物	-
316	-	夏 相	-
317	-	响 像	-
318	-	鞋 须	-
319	-	选 雪	-
320	-	颜 眼	-
321	-	阳 养	-
322	-	药 夜	-
323	-	宜 椅	-
324	-	阴 音	-
325	-	银 印	-
326	-	英 迎	-
327	-	油 游	-
328	-	育 园	-
329	-	原 愿	-
330	-	越 运	-
331	-	咱 脏	-
332	-	澡 占	-
333	-	照 者	-
334	-	纸 钟	-
335	-	周 助	-
336	-	装 租	-
337	-	组 嘴	-
338	-	座	-
# — fermeture : non réconciliés et absents de l'étape —
339	-	段 检	ferme
340	-	举 脸	ferme
341	-	所 喂	ferme
342	-	亿 应	ferme
# — HSK 3 —
343	束	按 把	-
344	专	搬 保	-
345	皮	币 标	-
346	义	并 布	-
347	金	步 材	-
348	内	采 彩	-
349	龙	曾 察	-
350	世	朝 吵	-
351	丽	程 持	-
352	乡	充 除	-
353	民	础 传	-
354	血	创 此	-
355	术	村 存	-
356	农	达 代	-
357	升	待 导	-
358	互	底 调	-
359	卫	订 断	-
360	衤	被 补	-
361	甘	衬 初	-
362	卑	烦 反	-
363	凡	范 防	-
364	韦	访 啡	-
365	尹	否 福	-
366	缶	付 负	-
367	兀	富 赶	-
368	釆	播 格	-
369	谷	各 根	-
370	屯	顿 功	-
371	旡	概 姑	-
372	兆	挂 怪	-
373	弗	费 管	-
374	申	光 规	-
375	尺	哈 害	-
376	禹	何 华	-
377	-	化 环	-
378	-	婚 积	-
379	-	基 极	-
380	-	集 纪	-
381	-	技 济	-
382	-	继 价	-
383	-	架 坚	-
384	-	简 建	-
385	-	将 蕉	-
386	-	较 解	-
387	-	界 仅	-
388	-	尽 紧	-
389	-	精 景	-
390	-	警 境	-
391	-	旧 救	-
392	-	剧 据	-
393	-	决 绝	-
394	-	咖 恐	-
395	-	苦 裤	-
396	-	况 困	-
397	-	浪 类	-
398	-	历 连	-
399	-	联 烈	-
400	-	领 另	-
401	-	录 乱	-
402	-	落 麻	-
403	-	冒 媒	-
404	-	迷 命	-
405	-	某 娘	-
406	-	暖 拍	-
407	-	牌 判	-
408	-	胖 配	-
409	-	批 啤	-
410	-	品 评	-
411	-	苹 破	-
412	-	齐 奇	-
413	-	器 强	-
414	-	桥 巧	-
415	-	切 庆	-
416	-	区 缺	-
417	-	裙 群	-
418	-	任 仍	-
419	-	容 赛	-
420	-	散 沙	-
421	-	衫 善	-
422	-	伤 设	-
423	-	社 深	-
424	-	神 胜	-
425	-	始 式	-
426	-	似 势	-
427	-	输 属	-
428	-	双 死	-
429	-	速 台	-
430	-	谈 汤	-
431	-	甜 跳	-
432	-	痛 突	-
433	-	团 退	-
434	-	望 危	-
435	-	围 伟	-
436	-	握 屋	-
437	-	武 误	-
438	-	希 戏	-
439	-	显 线	-
440	-	香 箱	-
441	-	消 效	-
442	-	形 幸	-
443	-	性 修	-
444	-	需 续	-
445	-	宣 训	-
446	-	压 烟	-
447	-	演 议	-
448	-	易 营	-
449	-	赢 泳	-
450	-	优 邮	-
451	-	预 员	-
452	-	约 杂	-
453	-	造 责	-
454	-	增 章	-
455	-	整 证	-
456	-	支 汁	-
457	-	值 职	-
458	-	指 志	-
459	-	制 终	-
460	-	种 众	-
461	-	猪 注	-
462	-	祝 抓	-
463	-	转 状	-
464	-	追 资	-
465	-	总 足	-
466	-	族	-
# — fermeture : non réconciliés et absents de l'étape —
467	-	敢 派	ferme
468	-	糖 舞	ferme
469	-	险 验	ferme
470	-	艺 展	ferme
# — HSK 4 —
471	巨	阿 矮	-
472	亚	案 暗	-
473	乎	摆 败	-
474	瓜	伴 宝	-
475	之	抱 倍	-
476	无	笨 毕	-
477	妻	闭 编	-
478	史	冰 擦	-
479	严	财 操	-
480	丈	测 抄	-
481	承	潮 彻	-
482	伞	沉 诚	-
483	辛	避 辩	-
484	龹	迟 冲	-
485	幺	抽 纯	-
486	虍	粗 促	-
487	甫	薄 措	-
488	冎	袋 戴	-
489	癶	担 淡	-
490	屰	登 敌	-
491	禺	递 顶	-
492	朱	独 堵	-
493	鬲	肚 恶	-
494	囱	窗 翻	-
495	卂	肥 纷	-
496	朿	刺 奋	-
497	乑	符 府	-
498	夷	腐 妇	-
499	击	附 盖	-
500	-	隔 供	-
501	-	构 购	-
502	-	骨 固	-
503	-	官 逛	-
504	-	归 裹	-
505	-	含 寒	-
506	-	航 毫	-
507	-	厚 呼	-
508	-	怀 缓	-
509	-	挥 汇	-
510	-	伙 货	-
511	-	获 圾	-
512	-	激 即	-
513	-	季 既	-
514	-	寄 减	-
515	-	渐 江	-
516	-	奖 降	-
517	-	阶 劲	-
518	-	禁 惊	-
519	-	竟 镜	-
520	-	究 居	-
521	-	局 距	-
522	-	聚 卷	-
523	-	均 棵	-
524	-	宽 矿	-
525	-	扩 括	-
526	-	垃 辣	-
527	-	郎 雷	-
528	-	泪 厘	-
529	-	俩 炼	-
530	-	良 粮	-
531	-	疗 聊	-
532	-	料 列	-
533	-	林 临	-
534	-	陆 律	-
535	-	虑 轮	-
536	-	络 码	-
537	-	帽 梦	-
538	-	秘 密	-
539	-	描 摸	-
540	-	模 默	-
541	-	闹 宁	-
542	-	浓 盘	-
543	-	培 婆	-
544	-	迫 企	-
545	-	浅 穷	-
546	-	趋 趣	-
547	-	圈 权	-
548	-	泉 却	-
549	-	燃 弱	-
550	-	扫 森	-
551	-	晒 闪	-
552	-	赏 尚	-
553	-	甚 诗	-
554	-	施 湿	-
555	-	释 守	-
556	-	授 售	-
557	-	叔 殊	-
558	-	暑 述	-
559	-	刷 帅	-
560	-	松 俗	-
561	-	塑 酸	-
562	-	孙 缩	-
563	-	躺 梯	-
564	-	替 填	-
565	-	挑 贴	-
566	-	童 统	-
567	-	投 透	-
568	-	途 脱	-
569	-	袜 弯	-
570	-	微 维	-
571	-	尾 谓	-
572	-	稳 吸	-
573	-	席 细	-
574	-	鲜 咸	-
575	-	县 限	-
576	-	项 销	-
577	-	型 醒	-
578	-	兄 胸	-
579	-	秀 序	-
580	-	寻 迅	-
581	-	呀 延	-
582	-	研 盐	-
583	-	扬 腰	-
584	-	摇 叶	-
585	-	依 姨	-
586	-	移 遗	-
587	-	疑 译	-
588	-	益 引	-
589	-	映 勇	-
590	-	幼 余	-
591	-	遇 圆	-
592	-	源 阅	-
593	-	载 赞	-
594	-	则 择	-
595	-	战 招	-
596	-	召 折	-
597	-	针 阵	-
598	-	征 政	-
599	-	植 址	-
600	-	质 治	-
601	-	致 智	-
602	-	置 逐	-
603	-	著 综	-
604	-	阻	-
# — fermeture : non réconciliés et absents de l'étape —
605	-	兵 锻	ferme
606	-	率 烧	ferme
# — HSK 5 —
607	甲	碍 岸	-
608	矛	拔 拜	-
609	鬼	版 扮	-
610	夹	棒 悲	-
611	丑	辈 彼	-
612	叉	壁 饼	-
613	鼠	玻 博	-
614	肃	猜 裁	-
615	册	拆 柴	-
616	竹	肠 尝	-
617	臼	插 偿	-
618	臣	倡 乘	-
619	耒	池 愁	-
620	豸	臭 厨	-
621	乇	触 闯	-
622	刃	辞 聪	-
623	堇	脆 呆	-
624	丌	鼻 贷	-
625	囟	胆 旦	-
626	攴	弹 挡	-
627	-	德 丢	-
628	-	冻 洞	-
629	-	毒 堆	-
630	-	吨 盾	-
631	-	朵 躲	-
632	-	尔 乏	-
633	-	罚 繁	-
634	-	返 泛	-
635	-	仿 疯	-
636	-	肤 扶	-
637	-	幅 辅	-
638	-	傅 纲	-
639	-	钢 糕	-
640	-	搞 沟	-
641	-	估 鼓	-
642	-	冠 柜	-
643	-	滚 锅	-
644	-	汗 豪	-
645	-	核 盒	-
646	-	贺 恨	-
647	-	胡 糊	-
648	-	虎 滑	-
649	-	慌 灰	-
650	-	恢 悔	-
651	-	肌 辑	-
652	-	籍 挤	-
653	-	驾 肩	-
654	-	艰 剪	-
655	-	键 郊	-
656	-	胶 戒	-
657	-	届 竞	-
658	-	敬 拒	-
659	-	俱 军	-
660	-	烤 颗	-
661	-	咳 肯	-
662	-	控 库	-
663	-	款 狂	-
664	-	览 烂	-
665	-	朗 劳	-
666	-	梨 璃	-
667	-	厉 励	-
668	-	怜 帘	-
669	-	恋 邻	-
670	-	铃 龄	-
671	-	令 漏	-
672	-	逻 骂	-
673	-	漫 贸	-
674	-	貌 煤	-
675	-	眠 秒	-
676	-	敏 摩	-
677	-	漠 幕	-
678	-	奈 耐	-
679	-	偶 陪	-
680	-	赔 喷	-
681	-	盆 披	-
682	-	脾 匹	-
683	-	骗 拼	-
684	-	频 凭	-
685	-	泼 葡	-
686	-	启 弃	-
687	-	枪 抢	-
688	-	悄 敲	-
689	-	瞧 琴	-
690	-	勤 劝	-
691	-	染 扰	-
692	-	忍 扔	-
693	-	荣 绒	-
694	-	软 润	-
695	-	洒 杀	-
696	-	傻 扇	-
697	-	稍 蛇	-
698	-	舍 射	-
699	-	摄 伸	-
700	-	剩 拾	-
701	-	驶 饰	-
702	-	柿 寿	-
703	-	瘦 蔬	-
704	-	硕 私	-
705	-	搜 宿	-
706	-	碎 损	-
707	-	索 锁	-
708	-	抬 坦	-
709	-	逃 桃	-
710	-	萄 厅	-
711	-	偷 吐	-
712	-	兔 托	-
713	-	违 唯	-
714	-	委 胃	-
715	-	慰 卧	-
716	-	析 悉	-
717	-	惜 吓	-
718	-	闲 献	-
719	-	详 享	-
720	-	歇 协	-
721	-	斜 欣	-
722	-	雄 熊	-
723	-	虚 询	-
724	-	押 鸭	-
725	-	厌 艳	-
726	-	邀 咬	-
727	-	谊 饮	-
728	-	硬 拥	-
729	-	幽 犹	-
730	-	羽 域	-
731	-	豫 怨	-
732	-	灾 仔	-
733	-	暂 糟	-
734	-	赠 摘	-
735	-	涨 掌	-
736	-	珍 诊	-
737	-	振 震	-
738	-	挣 织	-
739	-	执 珠	-
740	-	筑 撞	-
741	-	紫 醉	-
742	-	尊 遵	-
# — fermeture : non réconciliés et absents de l'étape —
743	-	宾 猴	ferme
744	-	惠 亏	ferme
745	-	签 绕	ferme
746	-	摔 污	ferme
747	-	忆	ferme
# — HSK 6 —
748	串	挨 傲	-
749	乌	罢 榜	-
750	兼	傍 胞	-
751	爿	暴 爆	-
752	彑	奔 逼	-
753	巿	扁 拨	-
754	戌	波 捕	-
755	-	踩 残	-
756	-	惨 仓	-
757	-	藏 厕	-
758	-	侧 策	-
759	-	昌 畅	-
760	-	炒 撤	-
761	-	撑 崇	-
762	-	宠 储	-
763	-	醋 搭	-
764	-	诞 党	-
765	-	档 蹈	-
766	-	盗 滴	-
767	-	抵 帝	-
768	-	吊 跌	-
769	-	督 赌	-
770	-	渡 端	-
771	-	蹲 夺	-
772	-	额 恩	-
773	-	番 犯	-
774	-	肺 废	-
775	-	氛 粉	-
776	-	愤 峰	-
777	-	锋 奉	-
778	-	佛 浮	-
779	-	副 肝	-
780	-	杆 岗	-
781	-	港 稿	-
782	-	攻 宫	-
783	-	巩 贡	-
784	-	孤 股	-
785	-	刮 拐	-
786	-	贯 轨	-
787	-	跪 憾	-
788	-	耗 狠	-
789	-	横 衡	-
790	-	宏 洪	-
791	-	壶 幻	-
792	-	患 皇	-
793	-	辉 毁	-
794	-	绘 慧	-
795	-	昏 混	-
796	-	吉 疾	-
797	-	佳 嘉	-
798	-	尖 监	-
799	-	舰 践	-
800	-	鉴 箭	-
801	-	酱 骄	-
802	-	焦 揭	-
803	-	杰 洁	-
804	-	截 径	-
805	-	纠 捐	-
806	-	菌 刊	-
807	-	抗 扣	-
808	-	酷 阔	-
809	-	啦 赖	-
810	-	栏 懒	-
811	-	牢 梁	-
812	-	谅 裂	-
813	-	灵 炉	-
814	-	露 略	-
815	-	嘛 埋	-
816	-	麦 馒	-
817	-	盲 梅	-
818	-	蒙 盟	-
819	-	猛 棉	-
820	-	妙 灭	-
821	-	膜 磨	-
822	-	墨 谋	-
823	-	墓 纳	-
824	-	泥 扭	-
825	-	怒 诺	-
826	-	盼 泡	-
827	-	炮 偏	-
828	-	贫 聘	-
829	-	屏 坡	-
830	-	扑 铺	-
831	-	欺 旗	-
832	-	恰 迁	-
833	-	牵 铅	-
834	-	谦 潜	-
835	-	歉 茄	-
836	-	侵 倾	-
837	-	渠 券	-
838	-	融 乳	-
839	-	若 塞	-
840	-	涉 审	-
841	-	牲 圣	-
842	-	盛 薯	-
843	-	爽 税	-
844	-	寺 苏	-
845	-	素 塔	-
846	-	踏 叹	-
847	-	探 趟	-
848	-	掏 踢	-
849	-	添 铜	-
850	-	徒 吞	-
851	-	拖 娃	-
852	-	哇 湾	-
853	-	顽 旺	-
854	-	威 伍	-
855	-	悟 牺	-
856	-	嫌 陷	-
857	-	祥 胁	-
858	-	谐 械	-
859	-	薪 凶	-
860	-	袖 绪	-
861	-	悬 旋	-
862	-	循 讯	-
863	-	炎 沿	-
864	-	宴 洋	-
865	-	仰 氧	-
866	-	耀 野	-
867	-	液 仪	-
868	-	异 隐	-
869	-	忧 娱	-
870	-	愉 宇	-
871	-	欲 援	-
872	-	缘 跃	-
873	-	晕 允	-
874	-	遭 扎	-
875	-	炸 宅	-
876	-	债 账	-
877	-	障 哲	-
878	-	镇 症	-
879	-	枝 殖	-
880	-	忠 肿	-
881	-	粥 诸	-
882	-	煮 驻	-
883	-	柱 赚	-
884	-	庄 壮	-
885	-	捉 咨	-
886	-	宗 纵	-
887	-	奏 祖	-
888	-	钻 罪	-
# — fermeture : non réconciliés et absents de l'étape —
889	-	岛 捡	ferme
890	-	剑 跨	ferme
891	-	丧 挖	ferme
892	-	晓 誉	ferme
# — HSK 7-9 —
893	州	哎 哀	-
894	柬	癌 蔼	-
895	赤	艾 唉	-
896	匆	隘 昂	-
897	丘	熬 奥	-
898	丐	澳 扒	-
899	刁	叭 芭	-
900	卵	靶 坝	-
901	鹿	霸 掰	-
902	丫	柏 扳	-
903	熏	颁 斑	-
904	庸	拌 瓣	-
905	丹	邦 绑	-
906	兜	谤 磅	-
907	卤	镑 煲	-
908	丝	堡 豹	-
909	凹	曝 碑	-
910	鼎	狈 惫	-
911	龟	崩 绷	-
912	秉	蹦 鄙	-
913	乓	毙 痹	-
914	乒	碧 蔽	-
915	甩	弊 臂	-
916	凸	鞭 贬	-
917	巛	辨 辫	-
918	冘	飙 憋	-
919	尢	彬 柄	-
920	丞	剥 伯	-
921	豖	驳 泊	-
922	廾	勃 舶	-
923	隺	脖 搏	-
924	疌	膊 哺	-
925	曳	怖 睬	-
926	㐆	惭 灿	-
927	-	苍 沧	-
928	-	舱 糙	-
929	-	曹 槽	-
930	-	蹭 岔	-
931	-	刹 诧	-
932	-	掺 搀	-
933	-	馋 禅	-
934	-	缠 铲	-
935	-	阐 颤	-
936	-	猖 嫦	-
937	-	敞 钞	-
938	-	巢 嘲	-
939	-	扯 尘	-
940	-	陈 趁	-
941	-	呈 惩	-
942	-	澄 橙	-
943	-	逞 秤	-
944	-	痴 弛	-
945	-	驰 齿	-
946	-	侈 耻	-
947	-	翅 仇	-
948	-	绸 畴	-
949	-	酬 稠	-
950	-	筹 瞅	-
951	-	橱 畜	-
952	-	揣 踹	-
953	-	喘 炊	-
954	-	捶 锤	-
955	-	唇 醇	-
956	-	蠢 戳	-
957	-	绰 瓷	-
958	-	慈 磁	-
959	-	赐 葱	-
960	-	丛 凑	-
961	-	簇 窜	-
962	-	催 摧	-
963	-	粹 翠	-
964	-	搓 磋	-
965	-	挫 逮	-
966	-	怠 耽	-
967	-	荡 叨	-
968	-	祷 悼	-
969	-	稻 蹬	-
970	-	邓 凳	-
971	-	瞪 堤	-
972	-	迪 涤	-
973	-	笛 蒂	-
974	-	缔 颠	-
975	-	巅 甸	-
976	-	垫 淀	-
977	-	惦 奠	-
978	-	殿 叼	-
979	-	雕 钓	-
980	-	爹 迭	-
981	-	谍 叠	-
982	-	碟 叮	-
983	-	盯 钉	-
984	-	董 栋	-
985	-	抖 陡	-
986	-	逗 睹	-
987	-	杜 妒	-
988	-	兑 敦	-
989	-	盹 炖	-
990	-	哆 舵	-
991	-	堕 惰	-
992	-	讹 俄	-
993	-	娥 鹅	-
994	-	厄 遏	-
995	-	饵 伐	-
996	-	阀 帆	-
997	-	贩 芳	-
998	-	妨 肪	-
999	-	纺 绯	-
1000	-	匪 诽	-
1001	-	沸 芬	-
1002	-	吩 坟	-
1003	-	焚 粪	-
1004	-	蜂 冯	-
1005	-	逢 缝	-
1006	-	讽 凤	-
1007	-	孵 敷	-
1008	-	伏 俘	-
1009	-	袱 辐	-
1010	-	抚 斧	-
1011	-	俯 咐	-
1012	-	赴 赋	-
1013	-	腹 缚	-
1014	-	覆 尬	-
1015	-	钙 溉	-
1016	-	竿 尴	-
1017	-	冈 缸	-
1018	-	杠 膏	-
1019	-	胳 鸽	-
1020	-	搁 割	-
1021	-	阁 耕	-
1022	-	耿 恭	-
1023	-	躬 拱	-
1024	-	勾 钩	-
1025	-	沽 菇	-
1026	-	辜 雇	-
1027	-	寡 卦	-
1028	-	乖 棺	-
1029	-	灌 罐	-
1030	-	闺 瑰	-
1031	-	桂 棍	-
1032	-	郭 骇	-
1033	-	酣 韩	-
1034	-	罕 旱	-
1035	-	捍 焊	-
1036	-	撼 杭	-
1037	-	浩 呵	-
1038	-	阂 荷	-
1039	-	赫 鹤	-
1040	-	嘿 痕	-
1041	-	哼 恒	-
1042	-	轰 哄	-
1043	-	烘 弘	-
1044	-	虹 吼	-
1045	-	弧 唬	-
1046	-	沪 哗	-
1047	-	猾 徊	-
1048	-	淮 槐	-
1049	-	唤 焕	-
1050	-	痪 荒	-
1051	-	凰 煌	-
1052	-	恍 晃	-
1053	-	谎 徽	-
1054	-	卉 讳	-
1055	-	贿 秽	-
1056	-	浑 魂	-
1057	-	豁 祸	-
1058	-	惑 霍	-
1059	-	讥 饥	-
1060	-	缉 畸	-
1061	-	稽 棘	-
1062	-	嫉 忌	-
1063	-	剂 迹	-
1064	-	祭 寂	-
1065	-	颊 贾	-
1066	-	嫁 稼	-
1067	-	奸 歼	-
1068	-	煎 拣	-
1069	-	荐 贱	-
1070	-	溅 姜	-
1071	-	浆 僵	-
1072	-	疆 桨	-
1073	-	匠 娇	-
1074	-	椒 跤	-
1075	-	礁 嚼	-
1076	-	狡 绞	-
1077	-	矫 搅	-
1078	-	缴 轿	-
1079	-	酵 皆	-
1080	-	劫 捷	-
1081	-	竭 诫	-
1082	-	津 筋	-
1083	-	锦 谨	-
1084	-	晋 浸	-
1085	-	茎 荆	-
1086	-	晶 兢	-
1087	-	阱 颈	-
1088	-	窘 揪	-
1089	-	灸 舅	-
1090	-	拘 鞠	-
1091	-	菊 橘	-
1092	-	沮 矩	-
1093	-	炬 惧	-
1094	-	锯 倦	-
1095	-	诀 掘	-
1096	-	崛 爵	-
1097	-	倔 君	-
1098	-	钧 俊	-
1099	-	峻 骏	-
1100	-	竣 凯	-
1101	-	慨 楷	-
1102	-	勘 堪	-
1103	-	侃 砍	-
1104	-	槛 慷	-
1105	-	扛 苛	-
1106	-	磕 壳	-
1107	-	垦 恳	-
1108	-	啃 坑	-
1109	-	吭 孔	-
1110	-	抠 枯	-
1111	-	窟 筐	-
1112	-	旷 框	-
1113	-	窥 魁	-
1114	-	馈 溃	-
1115	-	愧 昆	-
1116	-	捆 廓	-
1117	-	喇 腊	-
1118	-	蜡 兰	-
1119	-	拦 婪	-
1120	-	澜 揽	-
1121	-	缆 滥	-
1122	-	狼 廊	-
1123	-	捞 姥	-
1124	-	唠 涝	-
1125	-	勒 垒	-
1126	-	磊 蕾	-
1127	-	棱 愣	-
1128	-	黎 粒	-
1129	-	莲 廉	-
1130	-	链 辽	-
1131	-	僚 寥	-
1132	-	潦 咧	-
1133	-	劣 猎	-
1134	-	拎 淋	-
1135	-	赁 凌	-
1136	-	陵 岭	-
1137	-	溜 刘	-
1138	-	浏 瘤	-
1139	-	柳 遛	-
1140	-	咙 胧	-
1141	-	聋 笼	-
1142	-	隆 窿	-
1143	-	拢 垄	-
1144	-	搂 陋	-
1145	-	芦 虏	-
1146	-	鲁 赂	-
1147	-	碌 吕	-
1148	-	侣 铝	-
1149	-	屡 缕	-
1150	-	履 滤	-
1151	-	孪 掠	-
1152	-	抡 伦	-
1153	-	罗 萝	-
1154	-	螺 裸	-
1155	-	迈 脉	-
1156	-	蛮 瞒	-
1157	-	蔓 芒	-
1158	-	氓 茫	-
1159	-	莽 茅	-
1160	-	髦 茂	-
1161	-	玫 枚	-
1162	-	眉 霉	-
1163	-	昧 媚	-
1164	-	魅 闷	-
1165	-	萌 朦	-
1166	-	孟 弥	-
1167	-	谜 觅	-
1168	-	泌 蜜	-
1169	-	绵 勉	-
1170	-	缅 苗	-
1171	-	瞄 渺	-
1172	-	庙 蔑	-
1173	-	鸣 铭	-
1174	-	谬 蘑	-
1175	-	魔 抹	-
1176	-	沫 陌	-
1177	-	莫 寞	-
1178	-	牡 亩	-
1179	-	姆 沐	-
1180	-	牧 募	-
1181	-	睦 慕	-
1182	-	暮 穆	-
1183	-	呐 囊	-
1184	-	恼 馁	-
1185	-	嫩 尼	-
1186	-	拟 逆	-
1187	-	匿 腻	-
1188	-	黏 酿	-
1189	-	尿 捏	-
1190	-	拧 凝	-
1191	-	纽 奴	-
1192	-	挪 哦	-
1193	-	欧 殴	-
1194	-	呕 趴	-
1195	-	帕 徘	-
1196	-	潘 攀	-
1197	-	叛 畔	-
1198	-	庞 膀	-
1199	-	抛 刨	-
1200	-	袍 胚	-
1201	-	沛 佩	-
1202	-	抨 烹	-
1203	-	棚 蓬	-
1204	-	鹏 篷	-
1205	-	膨 捧	-
1206	-	劈 疲	-
1207	-	辟 媲	-
1208	-	僻 譬	-
1209	-	飘 撇	-
1210	-	坪 萍	-
1211	-	颇 魄	-
1212	-	剖 仆	-
1213	-	菩 朴	-
1214	-	浦 谱	-
1215	-	瀑 沏	-
1216	-	栖 凄	-
1217	-	戚 漆	-
1218	-	歧 祈	-
1219	-	棋 乞	-
1220	-	岂 迄	-
1221	-	泣 契	-
1222	-	砌 掐	-
1223	-	洽 虔	-
1224	-	钳 遣	-
1225	-	谴 嵌	-
1226	-	呛 腔	-
1227	-	乔 侨	-
1228	-	俏 窍	-
1229	-	撬 怯	-
1230	-	窃 钦	-
1231	-	秦 禽	-
1232	-	寝 擎	-
1233	-	顷 囚	-
1234	-	驱 屈	-
1235	-	躯 娶	-
1236	-	拳 雀	-
1237	-	壤 攘	-
1238	-	嚷 惹	-
1239	-	仁 韧	-
1240	-	溶 冗	-
1241	-	柔 揉	-
1242	-	儒 辱	-
1243	-	锐 瑞	-
1244	-	撒 萨	-
1245	-	桑 嗓	-
1246	-	骚 嫂	-
1247	-	臊 僧	-
1248	-	纱 砂	-
1249	-	鲨 厦	-
1250	-	筛 删	-
1251	-	煽 擅	-
1252	-	膳 赡	-
1253	-	捎 梢	-
1254	-	哨 奢	-
1255	-	慑 绅	-
1256	-	肾 渗	-
1257	-	慎 绳	-
1258	-	狮 蚀	-
1259	-	侍 逝	-
1260	-	嗜 誓	-
1261	-	匙 兽	-
1262	-	抒 枢	-
1263	-	梳 疏	-
1264	-	赎 署	-
1265	-	蜀 曙	-
1266	-	竖 恕	-
1267	-	墅 耍	-
1268	-	拴 栓	-
1269	-	涮 霜	-
1270	-	瞬 烁	-
1271	-	斯 撕	-
1272	-	伺 祀	-
1273	-	饲 肆	-
1274	-	耸 讼	-
1275	-	宋 诵	-
1276	-	颂 艘	-
1277	-	嗽 酥	-
1278	-	溯 蒜	-
1279	-	髓 遂	-
1280	-	隧 嗦	-
1281	-	塌 胎	-
1282	-	汰 泰	-
1283	-	贪 摊	-
1284	-	滩 瘫	-
1285	-	坛 痰	-
1286	-	潭 毯	-
1287	-	炭 碳	-
1288	-	膛 倘	-
1289	-	淌 烫	-
1290	-	涛 滔	-
1291	-	陶 淘	-
1292	-	腾 藤	-
1293	-	剔 屉	-
1294	-	剃 涕	-
1295	-	惕 舔	-
1296	-	帖 廷	-
1297	-	亭 艇	-
1298	-	捅 桶	-
1299	-	筒 秃	-
1300	-	涂 屠	-
1301	-	颓 驮	-
1302	-	妥 拓	-
1303	-	唾 蛙	-
1304	-	歪 挽	-
1305	-	惋 婉	-
1306	-	腕 汪	-
1307	-	枉 妄	-
1308	-	伪 纬	-
1309	-	萎 魏	-
1310	-	瘟 纹	-
1311	-	蚊 吻	-
1312	-	紊 翁	-
1313	-	涡 窝	-
1314	-	沃 巫	-
1315	-	呜 吴	-
1316	-	侮 捂	-
1317	-	晤 雾	-
1318	-	昔 晰	-
1319	-	稀 锡	-
1320	-	溪 熙	-
1321	-	熄 膝	-
1322	-	嬉 袭	-
1323	-	媳 隙	-
1324	-	虾 瞎	-
1325	-	侠 峡	-
1326	-	狭 辖	-
1327	-	霞 仙	-
1328	-	纤 掀	-
1329	-	贤 弦	-
1330	-	衔 宪	-
1331	-	馅 羡	-
1332	-	腺 厢	-
1333	-	镶 翔	-
1334	-	巷 橡	-
1335	-	肖 削	-
1336	-	宵 萧	-
1337	-	潇 淆	-
1338	-	孝 啸	-
1339	-	邪 挟	-
1340	-	携 泄	-
1341	-	泻 卸	-
1342	-	屑 懈	-
1343	-	芯 馨	-
1344	-	衅 猩	-
1345	-	腥 刑	-
1346	-	汹 羞	-
1347	-	朽 绣	-
1348	-	锈 嗅	-
1349	-	墟 徐	-
1350	-	旭 叙	-
1351	-	恤 酗	-
1352	-	絮 婿	-
1353	-	蓄 喧	-
1354	-	玄 炫	-
1355	-	靴 勋	-
1356	-	旬 巡	-
1357	-	汛 驯	-
1358	-	逊 鸦	-
1359	-	芽 崖	-
1360	-	涯 哑	-
1361	-	雅 讶	-
1362	-	咽 淹	-
1363	-	岩 阎	-
1364	-	衍 掩	-
1365	-	雁 焰	-
1366	-	燕 殃	-
1367	-	秧 杨	-
1368	-	痒 漾	-
1369	-	妖 窑	-
1370	-	谣 遥	-
1371	-	钥 椰	-
1372	-	冶 伊	-
1373	-	怡 矣	-
1374	-	倚 屹	-
1375	-	抑 役	-
1376	-	绎 弈	-
1377	-	疫 逸	-
1378	-	裔 溢	-
1379	-	毅 翼	-
1380	-	荫 姻	-
1381	-	殷 瘾	-
1382	-	婴 鹰	-
1383	-	荧 盈	-
1384	-	莹 蝇	-
1385	-	颖 佣	-
1386	-	咏 涌	-
1387	-	踊 悠	-
1388	-	佑 诱	-
1389	-	渔 逾	-
1390	-	渝 愚	-
1391	-	舆 屿	-
1392	-	驭 郁	-
1393	-	吁 狱	-
1394	-	浴 喻	-
1395	-	御 寓	-
1396	-	裕 愈	-
1397	-	冤 渊	-
1398	-	袁 岳	-
1399	-	悦 粤	-
1400	-	匀 陨	-
1401	-	孕 酝	-
1402	-	韵 蕴	-
1403	-	砸 栽	-
1404	-	宰 攒	-
1405	-	赃 葬	-
1406	-	凿 枣	-
1407	-	藻 皂	-
1408	-	灶 噪	-
1409	-	燥 躁	-
1410	-	泽 贼	-
1411	-	渣 闸	-
1412	-	眨 诈	-
1413	-	榨 窄	-
1414	-	寨 沾	-
1415	-	粘 瞻	-
1416	-	斩 盏	-
1417	-	崭 绽	-
1418	-	蘸 彰	-
1419	-	仗 杖	-
1420	-	帐 胀	-
1421	-	沼 赵	-
1422	-	罩 肇	-
1423	-	遮 辙	-
1424	-	浙 贞	-
1425	-	侦 枕	-
1426	-	睁 筝	-
1427	-	蒸 拯	-
1428	-	郑 芝	-
1429	-	肢 脂	-
1430	-	旨 帜	-
1431	-	峙 挚	-
1432	-	秩 窒	-
1433	-	滞 稚	-
1434	-	衷 仲	-
1435	-	洲 轴	-
1436	-	宙 昼	-
1437	-	皱 骤	-
1438	-	株 烛	-
1439	-	拄 嘱	-
1440	-	瞩 贮	-
1441	-	铸 拽	-
1442	-	砖 撰	-
1443	-	妆 桩	-
1444	-	幢 坠	-
1445	-	缀 拙	-
1446	-	灼 卓	-
1447	-	浊 酌	-
1448	-	琢 姿	-
1449	-	兹 滋	-
1450	-	踪 粽	-
1451	-	揍 卒	-
1452	-	佐	-
# — fermeture : non réconciliés et absents de l'étape —
1453	-	滨 缤	ferme
1454	-	捣 鳄	ferme
1455	-	函 涵	ferme
1456	-	喉 脊	ferme
1457	-	俭 浇	ferme
1458	-	夸 垮	ferme
1459	-	挎 敛	ferme
1460	-	挠 虐	ferme
1461	-	翘 饶	ferme
1462	-	衰 唐	ferme
1463	-	塘 畏	ferme
