# La glose partagée des trois lignes du pas Utiliser (`trois_lignes.py`), rédigée pour l'app.
# Par caractère ou par mot ; le lecteur découpe chaque ligne par l'entrée la plus longue.
# Pinyin : une syllabe par caractère, tons du dictionnaire, ton neutre sans marque.
# Un texte peut préciser une entrée pour lui seul (clé `glose` de son fichier de parcours).
zh	pinyin	fr	en
人	rén	personne	person
大	dà	grand	big
天	tiān	ciel ; jour	sky; day
月	yuè	lune ; mois	moon; month
从	cóng	suivre	to follow
日	rì	soleil ; jour	sun; day
明	míng	clair	bright
一	yī	un	one
是	shì	être ; oui	to be; yes
有	yǒu	avoir, il y a	to have, there is
十	shí	dix	ten
早	zǎo	tôt ; bonjour	early; good morning
口	kǒu	bouche	mouth
古	gǔ	ancien	ancient
门	mén	porte	door
间	jiān	entre	between
问	wèn	demander	to ask
八	bā	huit	eight
只	zhǐ	seulement	only
又	yòu	de nouveau	again
朋	péng	ami	friend
友	yǒu	ami	friend
女	nǚ	femme	woman
如	rú	comme	like
子	zǐ	enfant	child
好	hǎo	bon, bien ; très	good, well; very
学	xué	étudier	to study
生	shēng	naître	to be born
星	xīng	étoile	star
姓	xìng	avoir pour nom de famille	to be surnamed
儿	ér	fils, enfant	son, child
先	xiān	d'abord	first
母	mǔ	mère	mother
每	měi	chaque	each
见	jiàn	voir	to see
王	wáng	Wang (nom de famille)	Wang (surname)
二	èr	deux	two
玩	wán	jouer, s'amuser	to play
期	qī	période	period
也	yě	aussi	also
她	tā	elle	she
火	huǒ	feu	fire
山	shān	montagne	mountain
心	xīn	cœur	heart
今	jīn	d'aujourd'hui	present, today's
念	niàn	réciter	to recite
工	gōng	travail	work
米	mǐ	riz ; mètre	rice; metre
几	jǐ	combien	how many
白	bái	blanc	white
小	xiǎo	petit	small
车	chē	voiture, bus	car, bus
方	fāng	carré ; côté	square; side
干	gàn	faire, travailler	to do, to work
雨	yǔ	pluie	rain
水	shuǐ	eau	water
文	wén	écrit	writing
中	zhōng	milieu	middle
里	lǐ	dans	inside
毛	máo	poil, plume	hair, feather
六	liù	six	six
非	fēi	ne pas être	not
高	gāo	haut	high, tall
气	qì	air	air
开	kāi	ouvrir ; conduire	to open; to drive
少	shǎo	peu	few
用	yòng	utiliser ; en	to use; in
京	jīng	capitale	capital
电	diàn	électricité	electricity
果	guǒ	fruit	fruit
九	jiǔ	neuf	nine
去	qù	aller	to go
不	bù	ne… pas	not
五	wǔ	cinq	five
夫	fū	homme, mari	man, husband
西	xī	ouest	west
我	wǒ	je, moi	I, me
出	chū	sortir	to go out
上	shàng	monter ; sur	to go up; on
老	lǎo	vieux	old
了	le	(action accomplie, changement)	(completed action, change)
元	yuán	yuan (monnaie)	yuan (currency)
左	zuǒ	gauche	left
右	yòu	droite	right
妈	mā	maman	mum
吗	ma	(question)	(question particle)
马	mǎ	cheval	horse
牛	niú	vache, bœuf	cow, ox
手	shǒu	main	hand
拿	ná	tenir	to hold
衣	yī	vêtement	clothing
习	xí	pratiquer	to practise
页	yè	page	page
正	zhèng	droit, juste	straight, right
风	fēng	vent	wind
天天	tiān tiān	chaque jour	every day
月月	yuè yuè	chaque mois	every month
人人	rén rén	chacun	everyone
天明	tiān míng	le jour se lève	daybreak
大明	dà míng	Daming (prénom)	Daming (a name)
小明	xiǎo míng	Xiaoming (prénom)	Xiaoming (a name)
大人	dà rén	adulte	grown-up
明天	míng tiān	demain	tomorrow
今天	jīn tiān	aujourd'hui	today
白天	bái tiān	la journée	daytime
日月	rì yuè	le soleil et la lune	sun and moon
明月	míng yuè	lune claire	bright moon
门口	mén kǒu	devant la porte	at the door
只有	zhǐ yǒu	il n'y a que ; seulement	only
朋友	péng you	ami	friend
女朋友	nǚ péng you	petite amie	girlfriend
一大早	yī dà zǎo	de bon matin	bright and early
一早	yī zǎo	tôt le matin	early in the morning
学生	xué sheng	étudiant, élève	student
小学生	xiǎo xué sheng	écolier	schoolchild
先生	xiān sheng	monsieur ; professeur	Mr; teacher
女儿	nǚ ér	fille	daughter
儿子	ér zi	fils	son
生日	shēng rì	anniversaire	birthday
每人	měi rén	chacun	each person
每天	měi tiān	chaque jour	every day
星期一	xīng qī yī	lundi	Monday
星期二	xīng qī èr	mardi	Tuesday
星期五	xīng qī wǔ	vendredi	Friday
星期六	xīng qī liù	samedi	Saturday
星期天	xīng qī tiān	dimanche	Sunday
星期几	xīng qī jǐ	quel jour de la semaine	which day of the week
好心	hǎo xīn	bon cœur	kind heart
一心	yī xīn	de tout son cœur	wholeheartedly
古人	gǔ rén	les anciens	the ancients
古文	gǔ wén	chinois classique	classical Chinese
工人	gōng rén	ouvrier	worker
明白	míng bai	comprendre	to understand
小心	xiǎo xīn	attention	careful
好玩	hǎo wán	amusant	fun
火车	huǒ chē	train	train
小车	xiǎo chē	petite voiture	little car
大方	dà fang	généreux	generous
雨天	yǔ tiān	jour de pluie	rainy day
山水	shān shuǐ	paysage	landscape
雨水	yǔ shuǐ	eau de pluie	rainwater
中文	zhōng wén	chinois	Chinese
山里	shān lǐ	dans la montagne	in the mountains
门里	mén lǐ	derrière la porte	behind the door
京里	jīng lǐ	dans la capitale	in the capital
毛毛雨	máo mao yǔ	bruine	drizzle
非也	fēi yě	que non	not so
天气	tiān qì	temps (météo)	weather
开车	kāi chē	conduire	to drive
开门	kāi mén	ouvrir la porte	to open the door
开心	kāi xīn	content	happy
电车	diàn chē	tram	tram
水果	shuǐ guǒ	fruit	fruit
如果	rú guǒ	si, quand	if, when
九九	jiǔ jiǔ	neuf fois neuf	nine nines
夫人	fū rén	madame	Mrs
用心	yòng xīn	avec soin	attentively
西山	xī shān	les collines de l'Ouest	the Western Hills
出门	chū mén	sortir	to go out
日出	rì chū	lever du soleil	sunrise
早上	zǎo shang	le matin	morning
上学	shàng xué	aller à l'école	to go to school
上车	shàng chē	monter dans le bus	to get on the bus
车上	chē shàng	dans le bus	on the bus
上山	shàng shān	monter dans la montagne	to go up the mountain
老王	lǎo wáng	le vieux Wang	Old Wang
左手	zuǒ shǒu	main gauche	left hand
右手	yòu shǒu	main droite	right hand
妈妈	mā ma	maman	mum
大衣	dà yī	manteau	overcoat
学习	xué xí	étudier	to study
文学	wén xué	littérature	literature
正好	zhèng hǎo	tout juste ; justement	just right; as it happens
