# Surcharges d'IDS, appliquées avant la réconciliation avec GF 0014-2009.
#
# Depuis le 28 septembre 2026, la décomposition exportée ne descend plus que deux
# sources : ce fichier, rédigé pour Wenlu, puis cjk-decomp (MIT). Make Me a Hanzi
# (`dictionary.txt`, LGPL) n'en fait plus partie (`docs/sources-licences.md` §10).
# cjk-decomp ne se corrige jamais sur place. Une erreur relevée se corrige ici :
# l'IDS de la ligne remplace celui de la source, et la décomposition qui le descend
# porte la source `surcharge` (voir `data/src/wenlu_data/surcharges.py`).
#
# Chaque ligne est notre travail : les composants de la norme et leur disposition,
# écrits pour le projet à partir de la table de GF 0014-2009, jamais recopiés d'une
# ligne de `dictionary.txt`. Les raisons des sections 1 et 2 nomment encore Make Me a
# Hanzi, qui était alors la source corrigée.
#
# Règle : une surcharge n'entre que si la table de la norme la justifie
# (`data/sources/gf0014-2009/composants.tsv` ; le numéro d'ordre `sequence` de
# chaque composant est cité entre parenthèses). Un composant de la norme écrit
# en IDS, faute de point de code, se met entre accolades.
#
# Format : `#` en commentaire ; trois colonnes séparées par une tabulation :
# caractère, IDS, raison.
#
# 1. Notation : un point de code des blocs de traits ou de radicaux, là où la
#    norme donne le même composant sous un autre point de code. Ni le contenu ni
#    la forme ne changent ; la feuille retrouve son nom dans la table.
㇐	一	notation : trait 横 du bloc des traits ; la norme le donne en 一 (138, 横/一)
㇑	丨	notation : trait 竖 du bloc des traits ; la norme le donne en 丨 (339, 竖)
㇒	丿	notation : trait 撇 du bloc des traits ; la norme le donne en 丿 (268, 撇)
㇓	丿	notation : trait 竖撇, forme du 撇 ; la norme le donne en 丿 (268, 撇)
㇔	丶	notation : trait 点 du bloc des traits ; la norme le donne en 丶 (77, 点)
㇖	乛	notation : trait 横钩 du bloc des traits ; la norme le donne en 乛 (140, 横钩)
㇗	𠃊	notation : trait 竖折 du bloc des traits ; la norme le donne en 𠃊 (340, 竖折)
㇆	𠃌	notation : trait 横折钩 du bloc des traits ; la norme le donne en 𠃌 (142, 横折钩)
㇟	乚	notation : trait 竖弯钩 du bloc des traits ; la norme le donne en 乚 (341, 竖弯钩)
⺧	𠂒	notation : radical 牛 en tête (告, 先) ; la norme le donne en 𠂒 (259, 告字头)
⺁	厂	notation : radical 厂 du bloc des radicaux ; la norme le donne en 厂 (40, 厂)
⺤	爫	notation : radical 爪 en tête ; la norme le donne en 爫 (482, 爪头)
⺼	月	notation : 肉月, que la norme range sous 月 (471, « 月/肉月 ») ; cjk-decomp le découpait en ⺆ + 亠, qui n'ont rien à voir avec la chair (能)
匸	匚	notation : l'écriture simplifiée ne distingue plus 匸 de 匚 ; la norme ne connaît que 匚 (286, 区字框) (医)
#
# 2. Corrections : la source se trompe de composant, ou s'arrête sur `？`.
壴	⿱士⿱口䒑	Make Me a Hanzi lit 壴 comme 土 + 口 (6 traits pour 9) ; 壴 s'écrit 士 + 口 + 䒑, comme le découpe cjk-decomp dans 喜 : 士 (327), 口 (200), 䒑 (277, 前字头)
在	⿸𠂇⿰丨土	Make Me a Hanzi donne 才 + 土, mais 在 n'écrit pas 才 : pas de crochet, et l'ordre des traits est 一 丿 丨 土 ; le cadre est 𠂇 (514, 左字框, le cadre de 左 et de 在), puis 丨 (339) et 土 (368). 才 reste la phonétique de l'étymologie (Shuowen : 从土才声), une couche par-dessus
乞	⿱𠂉乙	Make Me a Hanzi s'arrête sur ？ en tête ; 乞 s'écrit 𠂉 (296, 卧人) sur 乙 (139, 横折弯钩/乙) ; cjk-decomp mettait un 横斜弯钩 hors norme (吃)
是	⿱日⿱一龰	Make Me a Hanzi donne 日 + 疋, hors norme ; sous 日, 是 écrit un 横 (一, 138) puis 龰 (490, 足字底), 9 traits ; cjk-decomp y mettait un 横钩 (题)
那	⿰𭃂阝	Make Me a Hanzi s'arrête sur ？ ; la norme a un composant propre, 𭃂 (248, 那字旁), puis 阝 (347) (哪)
觉	⿱𭕄见	Make Me a Hanzi donne ⺍ + 冖 + 见, ⺍ hors norme ; la norme réunit les deux en 𭕄 (413, 学字头), puis 见 (170)
学	⿱𭕄子	Make Me a Hanzi donne ⺍ + 冖 + 子, ⺍ hors norme ; la norme réunit les deux en 𭕄 (413, 学字头), puis 子 (510)
以	⿰{⿰𠄌丶}人	Make Me a Hanzi s'arrête sur ？ ; la norme a un composant sans point de code, 以字旁 ⿰𠄌丶 (160, variante de 己), puis 人 (292)
介	⿱人{⿰丿丨}	Make Me a Hanzi s'arrête sur ？, cjk-decomp met deux 竖 ; 介 s'écrit 人 (292) sur 乔字底 ⿰丿丨 (280), un 撇 et un 竖
#
# 3. Décompositions rédigées pour Wenlu (28 septembre 2026), là où cjk-decomp ne rend
#    pas la décomposition que l'apprenant voit depuis la version 0.1.0 (composants,
#    ordre ou disposition, que lisent les devinettes et les fiches), ou ne décrit pas
#    le caractère. Relues une à une contre la table de la norme : chaque feuille est un
#    composant de GF 0014-2009, cité avec son numéro d'ordre. Celles qui reprenaient
#    une décomposition en écart avec la norme ont été corrigées : section 3b.
亲	⿱立⿻一小	rédigé pour Wenlu d'après GF 0014-2009 : 立 (209) sur 朩, écrit 一 (138) croisé de 小 (403), 9 traits ; cjk-decomp met 十 + 小, un trait de trop
做	⿰亻⿰⿱十口攵	rédigé pour Wenlu d'après GF 0014-2009 : 亻 (293), 古 écrit 十 (319) sur 口 (200), puis 攵 (95, 反文) ; cjk-decomp éclate 攵 en 𠂉 + 乂, que la norme réunit
包	⿹勹巳	rédigé pour Wenlu d'après GF 0014-2009 : 勹 (192, 句字框) entoure 巳 (161) par le haut et la droite, disposition que lisent les devinettes ; cjk-decomp dit ⿻
可	⿻丁口	rédigé pour Wenlu d'après GF 0014-2009 : 丁 (199, 可字框) mêlé à 口 (200), disposition « mêlée » de la devinette de 可 ; cjk-decomp dit ⿹ (vaut aussi pour 哥 et 歌)
唱	⿰口⿱日曰	rédigé pour Wenlu d'après GF 0014-2009 : 口 (200), puis 昌 : 日 (299) sur 曰 (300), que la norme distingue ; cjk-decomp écrit deux 日
商	⿱⿱亠丷⿵冂⿱八口	rédigé pour Wenlu d'après GF 0014-2009 : 亠 (412), 丷 (6), 冂 (364), soit les pièces de 商字头 (308, ⿳亠丷冂, sans point de code ni tracé), puis 八 (5) et 口 (200) ; cjk-decomp met ⺆ (周字框) pour 冂
喜	⿱⿱士⿱口䒑口	rédigé pour Wenlu d'après GF 0014-2009 : 壴, soit 士 (327), 口 (200), 䒑 (277), sur 口 (200) ; cjk-decomp groupe les mêmes composants autrement
回	⿴囗口	rédigé pour Wenlu d'après GF 0014-2009 : 囗 (376, 围字框) entoure 口 (200) ; cjk-decomp ne décrit pas 回
坐	⿻⿰人人土	rédigé pour Wenlu d'après GF 0014-2009 : 人 人 (292) puis 土 (368), dans l'ordre d'écriture (丿㇏丿㇏, puis 一丨一) ; cjk-decomp met 土 en tête
城	⿰土⿰丁戈	rédigé pour Wenlu d'après GF 0014-2009 : 土 (368), puis 成 écrit 丁 (80) et 戈 (115) ; cjk-decomp écrit 万 + 戈, et 成 n'a pas de 万
弼	⿲弓百弓	rédigé pour Wenlu d'après GF 0014-2009 : 弓 (122), 百 (9), 弓 (122), de gauche à droite, dans l'ordre d'écriture ; cjk-decomp pose les deux 弓 d'abord
放	⿰方攵	rédigé pour Wenlu d'après GF 0014-2009 : 方 (97), 攵 (95, 反文) ; cjk-decomp éclate 攵 en 𠂉 + 乂
教	⿰⿸耂子攵	rédigé pour Wenlu d'après GF 0014-2009 : 耂 (203) sur 子 (510), puis 攵 (95, 反文) ; cjk-decomp éclate 攵 en 𠂉 + 乂
条	⿱夂木	rédigé pour Wenlu d'après GF 0014-2009 : 夂 (82) sur 木 (246) ; cjk-decomp éclate 木 en 十 + 小
满	⿰氵⿱艹两	rédigé pour Wenlu d'après GF 0014-2009 : 氵 (350), 艹 (32, 草字头) sur 两 (216) ; cjk-decomp écrit 卄 (16, 贲字腰)
爷	⿱父卩	rédigé pour Wenlu d'après GF 0014-2009 : 父 (109) sur 卩 (174, 单耳) ; cjk-decomp éclate 卩 en 𠃌 + 丨
狼	⿰犭⿱丶艮	rédigé pour Wenlu d'après GF 0014-2009 : 犭 (290), puis 良 : 丶 (77) sur 艮 (118), le point s'écrit d'abord ; cjk-decomp met 艮 avant 丶
班	⿲王刂王	rédigé pour Wenlu d'après GF 0014-2009 : 王 (375), 刂 (72, 立刀, le 刀 de 班), 王 (375) ; cjk-decomp éclate le milieu en 丿 + 丶, hors de l'ordre d'écriture
着	⿸羊目	rédigé pour Wenlu d'après GF 0014-2009 : 羊 (430), dont le 撇 enveloppe 目 (247) par la gauche, disposition que lisent les devinettes ; cjk-decomp dit ⿱
福	⿰礻⿳一口田	rédigé pour Wenlu d'après GF 0014-2009 : 礻 (330), puis 畐 en trois étages : 一 (138), 口 (200), 田 (363) ; cjk-decomp groupe ⿱一⿱口田
网	⿵冂⿰乂乂	rédigé pour Wenlu d'après GF 0014-2009 : 冂 (364, 同字框) sur deux 乂 (446) ; cjk-decomp écrit ⺆ (周字框)
翰	⿰⿰⿳十日十人⿰习习	rédigé pour Wenlu d'après GF 0014-2009 : 十 (319), 日 (299), 十 (319) en trois étages, 人 (292), puis 羽 écrit 习 习 (397) ; cjk-decomp groupe les mêmes composants autrement
花	⿱艹⿰亻匕	rédigé pour Wenlu d'après GF 0014-2009 : 艹 (32, 草字头) sur 化 : 亻 (293), 匕 (19) ; cjk-decomp écrit 卄 (16, 贲字腰)
苗	⿱艹田	rédigé pour Wenlu d'après GF 0014-2009 : 艹 (32, 草字头) sur 田 (363) ; cjk-decomp écrit 卄 (16, 贲字腰)
茶	⿱艹⿱人木	rédigé pour Wenlu d'après GF 0014-2009 : 艹 (32), 人 (292), 木 (246), 9 traits ; cjk-decomp écrit 卄 et éclate 木 en 十 + 小
菊	⿱艹⿹勹米	rédigé pour Wenlu d'après GF 0014-2009 : 艹 (32), puis 匊 : 勹 (192, 句字框) autour de 米 (239) ; cjk-decomp écrit 卄 et pose 勹 à côté de 米
菜	⿱艹⿱爫木	rédigé pour Wenlu d'après GF 0014-2009 : 艹 (32), 爫 (482), 木 (246) ; cjk-decomp écrit 卄 (16, 贲字腰)
菩	⿱艹⿱立口	rédigé pour Wenlu d'après GF 0014-2009 : 艹 (32), 立 (209), 口 (200) ; cjk-decomp écrit 卄 (16, 贲字腰)
蒙	⿱艹⿱⿱冖一豕	rédigé pour Wenlu d'après GF 0014-2009 : 艹 (32), 冖 (366), 一 (138), 豕 (325), 13 traits ; cjk-decomp écrit 卄, 二 et 𧰨 (326, 豕省)
行	⿰彳⿱一丁	rédigé pour Wenlu d'après GF 0014-2009 : 彳 (348), puis 亍 : 一 (138) sur 丁 (80) ; cjk-decomp écrit 二 + ㇚, trait hors de la table
跑	⿰⿱口龰⿹勹巳	rédigé pour Wenlu d'après GF 0014-2009 : ⻊, soit 口 (200) sur 龰 (490, 足字底), puis 包 : 勹 (192) autour de 巳 (161) ; cjk-decomp met 止 (488) sous 口
跟	⿰⿱口龰艮	rédigé pour Wenlu d'après GF 0014-2009 : ⻊, soit 口 (200) sur 龰 (490, 足字底), puis 艮 (118) ; cjk-decomp met 止 (488) sous 口
路	⿰⿱口龰⿱夂口	rédigé pour Wenlu d'après GF 0014-2009 : ⻊, soit 口 (200) sur 龰 (490, 足字底), puis 各 : 夂 (82) sur 口 (200) ; cjk-decomp met 止 (488) sous 口 (vaut aussi pour 露)
兴	⿳⺍一八	rédigé pour Wenlu d'après GF 0014-2009 : ⺍, 一 (138), 八 (5) en trois étages, comme en 0.1.0 ; non réconcilié : ce haut a la forme du 学字头 de la norme (413, 𭕄, trois traits, comme dans 应, qu'elle cite en exemple), mais la découpe de 𭕄 prend aujourd'hui cinq traits de 学, 冖 compris ; ⺍ reste, en attendant que 学 et 觉 soient repris (`decompositions-corrigees.md`) ; cjk-decomp donne les mêmes composants, groupés ⿱⿱
#
# 3b. Décompositions corrigées d'après la norme (28 septembre 2026), sur décision du
#    propriétaire (« Corrige, oui »). Ces dix-huit lignes reprenaient d'abord la
#    décomposition affichée depuis la 0.1.0, héritée de Make Me a Hanzi, en disant son
#    écart à la norme ; elles donnent désormais la lecture de la table, vérifiée sur le
#    fac-similé (colonne des exemples, 例字) et comptée trait par trait contre
#    `graphics.txt`. Le relevé : `decompositions-corrigees.md`. Les composants sans
#    tracé (𠃍 𠃓 𢎨 丆 リ 龷 𰀁 帝字头 夜下角) se découpent dans leur hôte (`decoupes.tsv`).
举	⿱⿳⺍一八𰀁	rédigé pour Wenlu d'après GF 0014-2009 : ⺍, 一 (138), 八 (5), puis 𰀁 (191, 举字底, dont 举 est le premier exemple), 3 + 1 + 2 + 3 = 9 traits ; non réconcilié, ⺍ gardé comme pour 兴 : le 学字头 de la norme (413, 𭕄) est à reprendre dans 学 et 觉 d'abord (`decompositions-corrigees.md`) ; corrigé le 28 septembre 2026 : 扌 (0.1.0) n'est pas le bas de 举, qui ne porte pas de crochet ; cjk-decomp éclate 𰀁 en 二 + 丨
候	⿲亻丨⿳𠃍一矢	rédigé pour Wenlu d'après GF 0014-2009 : 亻 (293), 丨 (339), 𠃍 (141, 横折, dont 侯 est un exemple), 一 (138), 矢 (324), 2 + 1 + 1 + 1 + 5 = 10 traits ; corrigé le 28 septembre 2026 : ⺈ + 厂 (0.1.0) comptaient 11 traits et oubliaient le 丨 qui suit 亻 ; cjk-decomp ne décrit pas 候
前	⿱䒑⿰月刂	rédigé pour Wenlu d'après GF 0014-2009 : 䒑 (277, 前字头, dont 前 est le premier exemple) sur 月 (471) et 刂 (72), 3 + 4 + 2 = 9 traits ; corrigé le 28 septembre 2026 : la norme réunit 丷 + 一 (0.1.0) en 䒑 ; cjk-decomp dit de même
同	⿵冂⿱一口	rédigé pour Wenlu d'après GF 0014-2009 : 冂 (364, 同字框, dont 同 est le premier exemple) autour de 一 (138) sur 口 (200), 2 + 1 + 3 = 6 traits ; corrigé le 28 septembre 2026 : 凡 (0.1.0) porte un 丶 que 同 n'a pas ; cjk-decomp écrit ⺆ (497, 周字框)
告	⿱𠂒口	rédigé pour Wenlu d'après GF 0014-2009 : 𠂒 (259, 告字头, dont 告 est le premier exemple) sur 口 (200), 4 + 3 = 7 traits ; corrigé le 28 septembre 2026 : la norme distingue 𠂒 de 牛 (0.1.0), dont le trait vertical ne traverse pas ; cjk-decomp dit de même
场	⿰土𠃓	rédigé pour Wenlu d'après GF 0014-2009 : 土 (368), 𠃓 (429, 杨字边, dont 场 est le premier exemple), 3 + 3 = 6 traits ; corrigé le 28 septembre 2026 : 勿 (0.1.0) a un trait de trop ; cjk-decomp dit de même
夏	⿳丆目夂	rédigé pour Wenlu d'après GF 0014-2009 : 丆 (398, 夏字头, dont 夏 est le premier exemple), 目 (247), 夂 (82) en trois étages, 2 + 5 + 3 = 10 traits ; corrigé le 28 septembre 2026 : 一 + 自 (0.1.0) comptent les mêmes traits, mais la norme coupe après le 撇 ; cjk-decomp : 一 + 自, groupés ⿱⿱
夜	⿱亠⿰亻{⿴夂丶}	rédigé pour Wenlu d'après GF 0014-2009 : 亠 (412), 亻 (293, dont 夜 est un exemple), 夜下角 ⿴夂丶 (393, sans point de code, dont 夜 est le premier exemple), 2 + 2 + 4 = 8 traits ; corrigé le 28 septembre 2026 : 夕 (0.1.0) compte un trait de moins ; cjk-decomp écrit 夂 et 丶 à part
师	⿰リ⿱一巾	rédigé pour Wenlu d'après GF 0014-2009 : リ (507, 师字旁, dont 帅 et 狮 sont des exemples), 一 (138), 巾 (178), 2 + 1 + 3 = 6 traits ; corrigé le 28 septembre 2026 : la gauche de 师 est un 竖 et un 撇, non 刂 (0.1.0) ; cjk-decomp : deux 丨
帝	⿱{⿳亠丷冖}巾	rédigé pour Wenlu d'après GF 0014-2009 : 帝字头 ⿳亠丷冖 (74, sans point de code, dont 帝 est le premier exemple) sur 巾 (178), 6 + 3 = 9 traits ; corrigé le 28 septembre 2026 : 立 + 巾 (0.1.0) comptaient 8 traits ; cjk-decomp écrit 亠 丷 冖 à part
常	⿱⿱⺌冖⿱口巾	rédigé pour Wenlu d'après GF 0014-2009 : ⺌ (404, 尚字头), 冖 (366), 口 (200), 巾 (178), 3 + 2 + 3 + 3 = 11 traits ; corrigé le 28 septembre 2026 : sous ⺌, 常 écrit 冖 (丶 puis 横钩), non le 冂 (0.1.0) qui enferme 口 dans 尚 ; cjk-decomp dit de même
旁	⿱{⿳亠丷冖}方	rédigé pour Wenlu d'après GF 0014-2009 : 帝字头 ⿳亠丷冖 (74, dont 旁 est un exemple) sur 方 (97), 6 + 4 = 10 traits (vaut aussi pour 榜) ; corrigé le 28 septembre 2026 : 立 + 方 (0.1.0) comptaient 9 traits ; cjk-decomp écrit 亠 丷 冖 à part
桌	⿳⺊日木	rédigé pour Wenlu d'après GF 0014-2009 : ⺊ (28), 日 (299), 木 (246) en trois étages, 2 + 4 + 4 = 10 traits ; corrigé le 28 septembre 2026 : le 十 de 卓 (0.1.0) se fond dans 木, qui en fait 12 ; cjk-decomp dit de même, groupé ⿱⿱
画	⿱一⿻田凵	rédigé pour Wenlu d'après GF 0014-2009 : 一 (138), 田 (363) et 凵 (148, 画字框), qui ont tous deux 画 pour exemple, 1 + 5 + 2 = 8 traits, dans l'ordre d'écriture : 凵 enveloppe 田 par le bas mais ne se trace qu'après lui (竖折, 竖) ; ⿻ garde cet ordre sans dire que 田 enveloppe 凵 ; corrigé le 28 septembre 2026 : 0.1.0 posait 凵 avant 田 ; cjk-decomp écrit ⿶田凵
真	⿱十具	rédigé pour Wenlu d'après GF 0014-2009 : 十 (319) sur 具 (195, dont 真 est un exemple), 2 + 8 = 10 traits ; corrigé le 28 septembre 2026 : le bas de 真 est 一 + 八, non le 乚 final de 直 (0.1.0 : 直 + 几) ; cjk-decomp dit de même
第	⿱⺮𢎨	rédigé pour Wenlu d'après GF 0014-2009 : ⺮ (502, 竹头) sur 𢎨 (76, 弟省, dont 第 est le seul exemple), 6 + 5 = 11 traits ; corrigé le 28 septembre 2026 : 弟 (0.1.0) a deux traits de plus, le 丷 de tête ; cjk-decomp dit de même
走	⿱土龰	rédigé pour Wenlu d'après GF 0014-2009 : 土 (368) sur 龰 (490, 足字底, dont 走 est le premier exemple), 3 + 4 = 7 traits (vaut aussi pour 起) ; corrigé le 28 septembre 2026 : le bas de 走 s'écrit 丨一丿㇏, non 止 (0.1.0), comme ⻊ dans 跑 ; cjk-decomp dit de même
错	⿰钅⿱龷日	rédigé pour Wenlu d'après GF 0014-2009 : 钅 (182), 龷 (394, 昔字头, dont 昔 est le premier exemple), 日 (299), 5 + 4 + 4 = 13 traits ; corrigé le 28 septembre 2026 : la norme nomme 龷, non 廿 (0.1.0), le haut de 昔 ; cjk-decomp dit de même
#
# 4. Phonétiques : la décomposition du caractère qui donne le son se lit dans celle du
#    caractère exporté, que cjk-decomp écrit à travers elle, et le contrôle du rôle son
#    (`phonetiques.py`) l'y retrouve.
冈	⿵冂乂	rédigé pour Wenlu d'après GF 0014-2009 : 冂 (364, 同字框, trait de gauche vertical) autour de 乂 (446) ; phonétique de 刚, que cjk-decomp écrit 冈 + 刂 : vaut pour 刚 ; cjk-decomp écrit ⺆ (497, 周字框), dont le trait de gauche est un 撇
董	⿱艹重	rédigé pour Wenlu d'après GF 0014-2009 : 艹 (32, 草字头) sur 重 (496) ; phonétique de 懂, que cjk-decomp écrit 忄 + 董 : vaut pour 懂 ; cjk-decomp écrit 卄 (16, 贲字腰)
# 5. Fables du chemin : mots expliqués arrivés après la migration.
弈	⿱亦廾	rédigé pour Wenlu d'après GF 0014-2009 : 亦 sur 廾 (261, 弄字底), comme en 0.1.0 ; cjk-decomp écrit 卄 (16, 贲字腰), qui n'est pas la forme du bas de 弈
