# Phonétiques des fiches, par caractère.
#
# Le contrôle « fiches : rôle son » de `wenlu check` (`phonetiques.py`) compare la
# lecture moderne du caractère à celle de sa phonétique, le caractère que ses
# composants de rôle `son` écrivent. Il le retrouve seul dans la décomposition
# (un composant seul, ou le groupe qui forme 青 dans 请). Une ligne ici le lui
# donne quand la forme moderne l'a réduit au point qu'on ne le retrouve plus, et
# que la fiche le nomme : c'est une décision de rédaction, qui se relit.
#
# Format : `#` en commentaire ; trois colonnes séparées par une tabulation :
# caractère, phonétique, raison.
有	又	la main 又 yòu, réduite à 𠂇 en haut du caractère, donne le son de yǒu (bronzes ; la fiche le dit)
新	辛	辛 xīn, posé sur 木 et découpé en 立, 一 et 小, donne le son de xīn ; le groupe a le tracé de 亲 qīn, que la fiche distingue
城	成	成 chéng donne le son de 城 ; la décomposition affichée écrit 成 en 丁 + 戈 (ids.tsv), que cjk-decomp ne donne pas pour 成 lui-même : la phonétique se nomme ici
候	矦	矦 hóu, forme ancienne de 侯, donne le son de 候 (Shuowen : 从人矦聲) ; la norme l'écrit 丨, 𠃍, 一 et 矢 après 亻 (ids.tsv), et ni 矦 ni 侯 n'ont de décomposition qui le retrouve : la phonétique se nomme ici
唱	昌	昌 chāng, écrit 日 sur 曰 (ids.tsv), donne le son de 唱 (Shuowen : 从口昌聲) ; cjk-decomp écrit 昌 avec deux 日, et le contrôle ne le retrouve pas dans ⿱日曰
赏	尚	尚 shàng, dont le 冂 s'écrit ici 冖 sous ⺌ (⿱⿱⺌冖口 sur 贝), donne le son de 赏 (Shuowen : 从貝尚聲) ; aucune décomposition ne retrouve 尚 dans ⺌, 冖 et 口
腰	要	要 yāo, écrit 西 sur 女 dans la décomposition de 腰 et 覀 sur 女 dans la sienne, donne le son de 腰, qui en est la forme tardive (Shuowen : 要，身中也) ; le contrôle ne le retrouve pas dans ⿱西女
勇	甬	甬 yǒng, dont la décomposition de 勇 écrit le bas comme 田 (龴 sur 田), donne le son de 勇 (Shuowen : 从力甬聲) ; le contrôle ne le retrouve pas dans ⿱龴田
载	𢦏	𢦏 zāi, écrit 土 et 戈 autour de 车, donne le son de 载 (Shuowen : 从車𢦏聲) ; aucune décomposition ne retrouve 𢦏 dans 土 et 戈
倡	昌	昌 chāng, que la décomposition écrit de deux 日 (⿱日日), donne le son de 倡 (Shuowen : 从人昌聲) ; le contrôle ne retrouve pas 昌 dans le seul 日 : la phonétique se nomme ici
